,Year,Rk,Team,W,L,MOV,ORtg,DRtg,NRtg,FTr,3PAr,TS%,eFG%,TOV%,ORB%,DRB%,FT/FGA,Won Championship,Rounds Played
0,1994,1.0,Seattle SuperSonics,63.0,19.0,9.09,111.1,101.5,9.6,0.344,0.105,0.547,0.501,13.7,34.4,67.3,0.256,0,1
1,1994,2.0,New York Knicks,57.0,25.0,6.99,105.7,98.2,7.5,0.311,0.135,0.527,0.483,15.1,34.4,71.4,0.232,0,4
2,1994,3.0,San Antonio Spurs,55.0,27.0,5.26,110.4,104.6,5.8,0.322,0.107,0.537,0.494,13.6,35.6,70.5,0.239,0,1
3,1994,4.0,Atlanta Hawks,57.0,25.0,5.27,107.2,101.7,5.5,0.294,0.118,0.523,0.48,13.6,34.6,67.7,0.221,0,2
4,1994,5.0,Phoenix Suns,56.0,26.0,4.84,111.7,106.8,4.9,0.325,0.147,0.548,0.509,13.9,35.2,69.3,0.236,0,2
5,1994,6.0,Utah Jazz,53.0,29.0,4.22,108.6,104.1,4.5,0.354,0.083,0.537,0.49,13.3,31.3,68.4,0.262,0,3
6,1994,7.0,Houston Rockets,58.0,24.0,4.32,105.9,101.4,4.5,0.294,0.191,0.545,0.507,15.0,27.6,69.7,0.218,1,4
7,1994,8.0,Cleveland Cavaliers,47.0,35.0,4.02,109.4,105.1,4.3,0.335,0.121,0.537,0.487,12.8,31.8,69.0,0.258,0,1
8,1994,9.0,Orlando Magic,50.0,32.0,3.89,110.8,106.7,4.1,0.341,0.165,0.547,0.514,14.4,33.8,66.3,0.231,0,1
9,1994,10.0,Indiana Pacers,47.0,35.0,3.45,107.8,104.2,3.6,0.366,0.077,0.547,0.5,16.0,34.4,68.0,0.27,0,3
10,1994,11.0,Chicago Bulls,55.0,27.0,3.09,106.1,102.7,3.4,0.273,0.097,0.526,0.493,14.6,33.8,70.8,0.192,0,2
11,1994,12.0,Miami Heat,42.0,40.0,2.67,109.5,106.7,2.8,0.322,0.145,0.538,0.488,14.3,35.3,69.1,0.253,0,1
12,1994,13.0,Portland Trail Blazers,47.0,35.0,2.63,108.1,105.5,2.6,0.323,0.104,0.518,0.472,12.5,34.4,70.8,0.24,0,0
13,1994,14.0,New Jersey Nets,45.0,37.0,2.2,107.2,104.9,2.3,0.351,0.096,0.515,0.461,12.7,34.0,69.1,0.267,0,1
14,1994,15.0,Golden State Warriors,50.0,32.0,1.74,108.3,106.5,1.8,0.322,0.12,0.542,0.512,14.9,32.9,64.4,0.214,0,1
15,1994,16.0,Denver Nuggets,42.0,40.0,1.49,103.9,102.3,1.6,0.357,0.088,0.524,0.478,15.3,32.2,69.6,0.256,0,2
16,1994,17.0,Charlotte Hornets,41.0,41.0,-0.22,108.4,108.6,-0.2,0.301,0.129,0.543,0.5,13.6,29.2,67.0,0.23,0,0
17,1994,18.0,Boston Celtics,32.0,50.0,-4.28,104.2,108.7,-4.5,0.284,0.068,0.521,0.482,13.5,29.3,67.8,0.207,0,0
18,1994,19.0,Los Angeles Lakers,33.0,49.0,-4.29,104.8,109.3,-4.5,0.269,0.11,0.503,0.466,12.8,33.2,63.2,0.193,0,0
19,1994,20.0,Los Angeles Clippers,27.0,55.0,-5.72,102.9,108.6,-5.7,0.297,0.116,0.521,0.484,15.4,30.4,64.1,0.211,0,0
20,1994,21.0,Sacramento Kings,28.0,54.0,-5.77,103.3,109.2,-5.9,0.326,0.104,0.516,0.471,14.2,30.4,66.4,0.239,0,0
21,1994,22.0,Milwaukee Bucks,20.0,62.0,-6.48,102.5,109.3,-6.8,0.32,0.15,0.512,0.471,14.7,31.1,66.5,0.225,0,0
22,1994,23.0,Minnesota Timberwolves,20.0,62.0,-6.93,101.9,109.2,-7.3,0.352,0.085,0.525,0.471,16.4,30.1,68.0,0.272,0,0
23,1994,24.0,Washington Bullets,24.0,58.0,-7.38,104.5,112.2,-7.7,0.317,0.109,0.529,0.484,15.3,31.2,66.2,0.237,0,0
24,1994,25.0,Philadelphia 76ers,25.0,57.0,-7.62,101.7,109.7,-8.0,0.31,0.138,0.518,0.478,15.0,28.0,66.6,0.221,0,0
25,1994,26.0,Detroit Pistons,20.0,62.0,-7.78,102.7,110.9,-8.2,0.244,0.148,0.511,0.477,13.7,28.4,66.1,0.179,0,0
26,1994,27.0,Dallas Mavericks,13.0,69.0,-8.7,100.4,109.6,-9.2,0.275,0.109,0.492,0.449,15.0,33.7,66.1,0.205,0,0
28,1995,1.0,Utah Jazz,60.0,22.0,7.99,114.3,105.7,8.6,0.392,0.126,0.587,0.535,14.8,29.1,72.5,0.306,0,1
29,1995,2.0,Seattle SuperSonics,57.0,25.0,8.18,114.8,106.3,8.5,0.38,0.194,0.575,0.527,14.1,32.6,68.7,0.288,0,1
30,1995,3.0,Orlando Magic,57.0,25.0,7.06,115.1,107.8,7.3,0.357,0.205,0.569,0.539,14.0,34.0,68.4,0.239,0,4
31,1995,4.0,San Antonio Spurs,62.0,20.0,5.96,111.7,105.4,6.3,0.372,0.173,0.562,0.516,13.8,30.9,72.3,0.275,0,3
32,1995,5.0,Chicago Bulls,47.0,35.0,4.83,109.5,104.3,5.2,0.308,0.177,0.546,0.509,14.5,32.9,68.2,0.224,0,2
33,1995,6.0,Phoenix Suns,59.0,23.0,3.88,114.5,110.4,4.1,0.338,0.227,0.567,0.524,12.7,29.7,69.8,0.255,0,2
34,1995,7.0,Portland Trail Blazers,44.0,38.0,3.82,109.7,105.7,4.0,0.313,0.177,0.521,0.483,13.0,37.1,73.5,0.218,0,0
35,1995,8.0,Indiana Pacers,52.0,30.0,3.7,109.6,105.6,4.0,0.383,0.158,0.557,0.507,15.5,32.8,68.6,0.287,0,3
36,1995,9.0,Charlotte Hornets,50.0,32.0,3.28,109.6,106.1,3.5,0.317,0.219,0.562,0.517,14.3,26.0,68.5,0.247,0,1
37,1995,10.0,New York Knicks,55.0,27.0,3.11,107.2,103.8,3.4,0.331,0.226,0.55,0.508,15.1,28.6,70.8,0.243,0,2
38,1995,11.0,Houston Rockets,47.0,35.0,2.12,109.7,107.4,2.3,0.31,0.267,0.568,0.529,15.0,26.9,67.7,0.232,1,4
39,1995,12.0,Atlanta Hawks,42.0,40.0,1.28,106.6,105.2,1.4,0.292,0.237,0.525,0.487,13.9,31.6,68.4,0.211,0,1
40,1995,13.0,Denver Nuggets,41.0,41.0,0.84,109.1,108.2,0.9,0.357,0.18,0.556,0.511,15.6,32.0,70.2,0.263,0,1
41,1995,14.0,Cleveland Cavaliers,43.0,39.0,0.62,105.3,104.6,0.7,0.317,0.165,0.52,0.472,14.2,31.8,72.4,0.241,0,1
42,1995,15.0,Los Angeles Lakers,48.0,34.0,-0.22,109.1,109.4,-0.3,0.292,0.21,0.539,0.5,13.4,31.3,64.4,0.215,0,2
43,1995,16.0,Sacramento Kings,39.0,43.0,-1.0,105.5,106.5,-1.0,0.359,0.16,0.538,0.496,16.2,32.1,67.0,0.255,0,0
44,1995,17.0,Miami Heat,32.0,50.0,-1.63,108.2,109.9,-1.7,0.317,0.175,0.54,0.499,14.4,31.7,68.7,0.233,0,0
45,1995,18.0,Boston Celtics,35.0,47.0,-1.88,108.6,110.6,-2.0,0.331,0.144,0.537,0.491,14.3,33.1,68.6,0.249,0,1
46,1995,19.0,Dallas Mavericks,36.0,46.0,-2.9,107.6,110.6,-3.0,0.301,0.163,0.509,0.466,13.9,38.9,69.8,0.221,0,0
47,1995,20.0,New Jersey Nets,30.0,52.0,-3.13,105.2,108.6,-3.4,0.342,0.192,0.519,0.467,14.4,33.3,70.9,0.26,0,0
48,1995,21.0,Milwaukee Bucks,34.0,48.0,-4.37,106.2,110.9,-4.7,0.343,0.205,0.537,0.496,15.5,31.3,68.3,0.244,0,0
49,1995,22.0,Golden State Warriors,26.0,56.0,-5.41,106.7,112.2,-5.5,0.348,0.233,0.547,0.508,15.9,30.3,66.5,0.245,0,0
50,1995,23.0,Philadelphia 76ers,24.0,58.0,-5.07,104.1,109.7,-5.6,0.323,0.142,0.521,0.475,15.3,32.3,66.1,0.238,0,0
51,1995,24.0,Washington Bullets,21.0,61.0,-5.6,105.4,111.3,-5.9,0.292,0.183,0.529,0.492,14.3,29.3,66.7,0.211,0,0
52,1995,25.0,Detroit Pistons,28.0,54.0,-7.29,105.1,112.9,-7.8,0.293,0.21,0.538,0.499,15.0,28.3,65.8,0.217,0,0
53,1995,26.0,Los Angeles Clippers,17.0,65.0,-9.16,101.5,111.1,-9.6,0.302,0.153,0.508,0.468,14.6,29.6,65.7,0.214,0,0
54,1995,27.0,Minnesota Timberwolves,21.0,61.0,-9.0,102.6,112.4,-9.8,0.379,0.163,0.532,0.475,16.2,27.7,64.1,0.293,0,0
56,1996,1.0,Chicago Bulls,72.0,10.0,12.24,115.2,101.8,13.4,0.291,0.196,0.555,0.517,13.1,36.9,71.1,0.217,1,4
57,1996,2.0,Seattle SuperSonics,64.0,18.0,7.79,110.3,102.1,8.2,0.379,0.249,0.574,0.526,16.2,29.7,69.5,0.288,0,4
58,1996,3.0,Utah Jazz,55.0,27.0,6.59,113.3,106.1,7.2,0.359,0.158,0.566,0.517,14.1,31.6,71.7,0.276,0,3
59,1996,4.0,San Antonio Spurs,59.0,23.0,6.3,110.2,103.5,6.7,0.342,0.2,0.558,0.516,13.6,27.5,70.0,0.252,0,2
60,1996,5.0,Orlando Magic,60.0,22.0,5.56,112.9,106.9,6.0,0.336,0.248,0.562,0.529,13.2,29.0,68.8,0.232,0,3
61,1996,6.0,Los Angeles Lakers,53.0,29.0,4.45,111.4,106.6,4.8,0.306,0.203,0.555,0.515,13.3,30.1,66.8,0.228,0,1
62,1996,7.0,Indiana Pacers,52.0,30.0,3.24,110.8,107.2,3.6,0.389,0.157,0.56,0.509,15.5,33.0,69.3,0.294,0,1
63,1996,8.0,Cleveland Cavaliers,47.0,35.0,2.59,109.9,106.7,3.2,0.296,0.264,0.551,0.51,13.7,28.6,70.2,0.226,0,1
64,1996,9.0,Detroit Pistons,46.0,36.0,2.5,107.9,105.1,2.8,0.36,0.221,0.551,0.504,14.6,28.0,71.7,0.271,0,1
65,1996,10.0,Portland Trail Blazers,44.0,38.0,2.35,106.0,103.5,2.5,0.347,0.203,0.528,0.494,15.2,33.4,73.4,0.23,0,0
66,1996,11.0,New York Knicks,47.0,35.0,2.32,106.0,103.5,2.5,0.306,0.201,0.55,0.509,14.9,25.5,71.1,0.232,0,2
67,1996,12.0,Houston Rockets,48.0,34.0,1.74,109.3,107.4,1.9,0.317,0.265,0.555,0.512,14.1,26.9,68.6,0.243,0,2
68,1996,13.0,Miami Heat,42.0,40.0,1.43,105.3,103.8,1.5,0.345,0.23,0.541,0.501,16.0,30.1,71.8,0.245,0,1
69,1996,14.0,Atlanta Hawks,46.0,36.0,1.22,109.4,108.0,1.4,0.302,0.239,0.534,0.49,14.0,34.0,67.1,0.229,0,2
70,1996,15.0,Washington Bullets,39.0,43.0,1.06,108.7,107.6,1.1,0.314,0.183,0.558,0.521,15.0,28.2,67.8,0.228,0,0
71,1996,16.0,Phoenix Suns,41.0,41.0,0.33,110.3,110.0,0.3,0.37,0.147,0.551,0.498,13.5,29.8,71.4,0.286,0,1
72,1996,17.0,Charlotte Hornets,41.0,41.0,-0.57,111.2,111.8,-0.6,0.32,0.23,0.558,0.514,14.1,29.5,70.3,0.246,0,0
73,1996,18.0,Golden State Warriors,36.0,46.0,-1.45,108.4,109.9,-1.5,0.349,0.179,0.539,0.489,14.8,33.9,67.2,0.265,0,0
74,1996,19.0,Denver Nuggets,35.0,47.0,-2.71,105.2,108.1,-2.9,0.326,0.172,0.526,0.481,14.2,30.7,72.7,0.242,0,0
75,1996,20.0,Sacramento Kings,39.0,43.0,-2.71,106.2,109.1,-2.9,0.371,0.184,0.54,0.493,16.0,32.5,69.0,0.271,0,1
76,1996,21.0,Boston Celtics,33.0,49.0,-3.4,106.4,109.9,-3.5,0.329,0.209,0.534,0.494,14.1,28.8,70.0,0.235,0,0
77,1996,22.0,Los Angeles Clippers,29.0,53.0,-3.6,106.5,110.3,-3.8,0.3,0.208,0.544,0.511,15.3,29.3,67.9,0.21,0,0
78,1996,23.0,New Jersey Nets,30.0,52.0,-4.23,101.9,106.5,-4.6,0.332,0.111,0.497,0.445,15.1,36.4,70.9,0.248,0,0
79,1996,24.0,Dallas Mavericks,26.0,56.0,-4.9,106.1,111.2,-5.1,0.266,0.274,0.507,0.47,13.3,34.1,68.6,0.192,0,0
80,1996,25.0,Minnesota Timberwolves,26.0,56.0,-5.35,104.1,109.8,-5.7,0.357,0.132,0.535,0.48,16.0,29.8,68.7,0.277,0,0
81,1996,26.0,Milwaukee Bucks,25.0,57.0,-5.3,105.6,111.5,-5.9,0.295,0.163,0.534,0.495,15.0,29.7,68.4,0.218,0,0
82,1996,27.0,Toronto Raptors,21.0,61.0,-7.51,103.8,111.8,-8.0,0.296,0.177,0.536,0.499,17.2,32.0,66.8,0.214,0,0
83,1996,28.0,Philadelphia 76ers,18.0,64.0,-10.0,102.2,113.0,-10.8,0.353,0.224,0.522,0.474,16.0,29.4,65.0,0.259,0,0
84,1996,29.0,Vancouver Grizzlies,15.0,67.0,-9.98,97.6,108.5,-10.9,0.308,0.174,0.5,0.456,15.5,27.3,66.3,0.223,0,0
86,1997,1.0,Chicago Bulls,69.0,13.0,10.8,114.4,102.4,12.0,0.267,0.203,0.547,0.511,12.5,35.9,69.3,0.199,1,4
87,1997,2.0,Utah Jazz,64.0,18.0,8.79,113.6,104.0,9.6,0.389,0.145,0.581,0.53,14.7,29.7,71.6,0.299,0,4
88,1997,3.0,Seattle SuperSonics,57.0,25.0,7.68,111.2,102.7,8.5,0.358,0.247,0.557,0.51,14.2,30.9,69.1,0.269,0,2
89,1997,4.0,Atlanta Hawks,56.0,26.0,5.44,108.5,102.3,6.2,0.31,0.291,0.542,0.498,14.6,31.5,69.2,0.236,0,2
90,1997,5.0,Miami Heat,61.0,21.0,5.49,106.8,100.6,6.2,0.324,0.299,0.546,0.507,15.5,29.2,70.6,0.233,0,3
91,1997,6.0,Detroit Pistons,54.0,28.0,5.24,110.6,104.4,6.2,0.327,0.246,0.554,0.512,13.0,27.5,70.4,0.244,0,1
92,1997,7.0,Houston Rockets,57.0,25.0,4.48,108.8,104.0,4.8,0.307,0.284,0.56,0.52,15.6,28.4,71.4,0.232,0,3
93,1997,8.0,Los Angeles Lakers,56.0,26.0,4.27,108.3,103.7,4.6,0.351,0.226,0.535,0.496,13.7,31.6,68.5,0.243,0,2
94,1997,9.0,Portland Trail Blazers,49.0,33.0,4.17,107.9,103.3,4.6,0.35,0.217,0.544,0.503,15.4,32.5,72.4,0.249,0,0
95,1997,10.0,New York Knicks,57.0,25.0,3.12,104.4,101.0,3.4,0.34,0.208,0.546,0.501,17.0,30.5,73.4,0.255,0,2
96,1997,11.0,Cleveland Cavaliers,42.0,40.0,1.84,104.6,102.4,2.2,0.297,0.215,0.531,0.493,15.0,29.4,71.9,0.215,0,0
97,1997,12.0,Charlotte Hornets,54.0,28.0,1.87,110.9,108.9,2.0,0.313,0.218,0.562,0.518,14.3,28.7,68.1,0.243,0,1
98,1997,13.0,Washington Bullets,44.0,38.0,1.62,106.6,104.9,1.7,0.296,0.15,0.54,0.505,14.6,30.2,70.3,0.21,0,0
99,1997,14.0,Indiana Pacers,39.0,43.0,0.98,105.8,104.7,1.1,0.374,0.181,0.537,0.49,15.5,31.3,70.4,0.27,0,0
100,1997,15.0,Phoenix Suns,40.0,42.0,0.66,109.3,108.6,0.7,0.317,0.213,0.552,0.508,13.4,27.1,69.4,0.241,0,1
101,1997,16.0,Orlando Magic,45.0,37.0,-0.35,105.6,106.0,-0.4,0.304,0.256,0.524,0.481,14.5,30.9,67.3,0.227,0,1
102,1997,17.0,Minnesota Timberwolves,40.0,42.0,-1.48,105.5,107.1,-1.6,0.339,0.17,0.533,0.485,14.4,28.8,68.3,0.254,0,1
103,1997,18.0,Milwaukee Bucks,33.0,49.0,-1.89,106.2,108.3,-2.1,0.334,0.146,0.541,0.496,15.1,29.7,69.9,0.248,0,0
104,1997,19.0,Los Angeles Clippers,36.0,46.0,-2.35,105.1,107.6,-2.5,0.31,0.2,0.524,0.482,14.7,30.8,68.1,0.227,0,1
105,1997,20.0,Toronto Raptors,30.0,52.0,-3.12,104.6,108.0,-3.4,0.303,0.245,0.521,0.481,15.2,32.5,68.6,0.218,0,0
106,1997,21.0,Sacramento Kings,34.0,48.0,-3.38,105.0,108.7,-3.7,0.313,0.16,0.526,0.485,15.0,32.0,68.5,0.226,0,0
107,1997,22.0,New Jersey Nets,26.0,56.0,-4.56,104.7,109.7,-5.0,0.286,0.193,0.499,0.456,13.9,36.4,69.0,0.212,0,0
108,1997,23.0,Golden State Warriors,30.0,52.0,-4.71,107.2,112.2,-5.0,0.332,0.208,0.543,0.493,15.8,32.3,67.5,0.258,0,0
109,1997,24.0,Denver Nuggets,21.0,61.0,-6.28,104.5,111.2,-6.7,0.298,0.256,0.53,0.486,15.2,28.8,69.3,0.227,0,0
110,1997,25.0,Philadelphia 76ers,22.0,60.0,-6.54,104.6,111.4,-6.8,0.358,0.198,0.518,0.47,15.3,34.1,66.5,0.259,0,0
111,1997,26.0,Dallas Mavericks,24.0,58.0,-6.35,101.1,108.2,-7.1,0.297,0.204,0.509,0.469,15.4,30.0,67.3,0.213,0,0
112,1997,27.0,Boston Celtics,15.0,67.0,-7.33,103.9,111.4,-7.5,0.316,0.191,0.52,0.474,14.5,29.4,68.5,0.237,0,0
113,1997,28.0,San Antonio Spurs,20.0,62.0,-7.88,103.3,112.3,-9.0,0.302,0.185,0.512,0.472,14.7,32.4,67.0,0.217,0,0
114,1997,29.0,Vancouver Grizzlies,14.0,68.0,-10.23,100.3,111.8,-11.5,0.269,0.197,0.507,0.471,15.3,29.7,64.1,0.191,0,0
116,1998,1.0,Los Angeles Lakers,61.0,21.0,7.74,111.9,103.7,8.2,0.42,0.216,0.559,0.519,14.0,31.6,68.8,0.285,0,3
117,1998,2.0,Seattle SuperSonics,61.0,21.0,7.17,111.6,103.6,8.0,0.327,0.243,0.558,0.521,13.4,28.7,66.1,0.236,0,2
118,1998,3.0,Chicago Bulls,62.0,20.0,7.11,107.7,99.8,7.9,0.295,0.141,0.516,0.473,13.3,35.7,70.6,0.219,1,4
119,1998,4.0,Utah Jazz,62.0,20.0,6.54,112.7,105.4,7.3,0.433,0.11,0.569,0.51,14.8,32.3,71.0,0.334,0,4
120,1998,5.0,Indiana Pacers,58.0,24.0,6.09,108.4,101.6,6.8,0.343,0.165,0.55,0.502,14.0,27.9,67.8,0.262,0,3
121,1998,6.0,Phoenix Suns,56.0,26.0,5.18,107.4,101.8,5.6,0.29,0.18,0.54,0.5,14.0,29.7,70.0,0.217,0,1
122,1998,7.0,Miami Heat,55.0,27.0,4.93,107.6,102.0,5.6,0.329,0.244,0.538,0.494,14.5,31.5,69.6,0.243,0,1
123,1998,8.0,San Antonio Spurs,56.0,26.0,3.99,103.8,99.4,4.4,0.35,0.139,0.531,0.493,15.6,30.6,72.2,0.241,0,2
124,1998,9.0,Atlanta Hawks,50.0,32.0,3.51,108.2,104.3,3.9,0.364,0.16,0.533,0.481,14.1,33.9,69.1,0.275,0,1
125,1998,10.0,Cleveland Cavaliers,47.0,35.0,2.73,102.2,99.1,3.1,0.352,0.129,0.529,0.478,16.5,30.0,71.1,0.266,0,1
126,1998,11.0,New York Knicks,43.0,39.0,2.46,103.0,100.3,2.7,0.283,0.178,0.521,0.476,14.7,29.5,74.0,0.218,0,2
127,1998,12.0,Charlotte Hornets,51.0,31.0,2.0,107.5,105.3,2.2,0.345,0.142,0.542,0.495,14.6,30.4,70.8,0.259,0,2
128,1998,13.0,Detroit Pistons,37.0,45.0,1.57,105.3,103.5,1.8,0.359,0.147,0.523,0.472,14.0,30.9,70.2,0.267,0,0
129,1998,14.0,New Jersey Nets,43.0,39.0,1.57,108.3,106.6,1.7,0.339,0.135,0.513,0.463,12.9,36.7,66.4,0.253,0,1
130,1998,15.0,Portland Trail Blazers,46.0,36.0,1.4,104.0,102.4,1.6,0.348,0.164,0.524,0.476,15.8,33.0,71.4,0.256,0,0
131,1998,16.0,Washington Wizards,42.0,40.0,0.59,105.2,104.5,0.7,0.317,0.139,0.513,0.476,13.0,31.2,69.5,0.219,0,0
132,1998,17.0,Minnesota Timberwolves,45.0,37.0,0.71,107.8,107.1,0.7,0.329,0.128,0.529,0.483,12.7,30.6,68.5,0.244,0,1
133,1998,18.0,Houston Rockets,41.0,41.0,-0.76,107.7,108.6,-0.9,0.326,0.256,0.544,0.496,14.8,29.8,69.3,0.251,0,1
134,1998,19.0,Orlando Magic,41.0,41.0,-1.07,102.6,103.8,-1.2,0.331,0.141,0.499,0.452,14.5,34.2,66.9,0.24,0,0
135,1998,20.0,Milwaukee Bucks,36.0,46.0,-1.91,103.5,105.6,-2.1,0.339,0.11,0.527,0.475,15.8,31.4,69.1,0.26,0,0
136,1998,21.0,Philadelphia 76ers,31.0,51.0,-2.39,102.8,105.4,-2.6,0.367,0.126,0.514,0.462,15.4,32.5,67.3,0.271,0,0
137,1998,22.0,Boston Celtics,36.0,46.0,-2.62,102.6,105.4,-2.8,0.283,0.18,0.504,0.464,14.6,32.8,66.8,0.206,0,0
138,1998,23.0,Sacramento Kings,27.0,55.0,-5.59,100.8,106.9,-6.1,0.314,0.121,0.502,0.464,14.3,30.2,66.6,0.215,0,0
139,1998,24.0,Dallas Mavericks,20.0,62.0,-6.11,100.5,107.2,-6.7,0.257,0.175,0.498,0.458,13.6,27.6,65.1,0.194,0,0
140,1998,25.0,Los Angeles Clippers,17.0,65.0,-7.37,103.3,111.2,-7.9,0.306,0.219,0.518,0.477,14.8,29.6,66.1,0.221,0,0
141,1998,26.0,Vancouver Grizzlies,19.0,63.0,-7.3,104.1,112.0,-7.9,0.327,0.137,0.527,0.482,15.8,31.5,66.9,0.242,0,0
142,1998,27.0,Toronto Raptors,16.0,66.0,-9.27,101.2,111.0,-9.8,0.302,0.159,0.504,0.462,15.1,32.1,62.9,0.217,0,0
143,1998,28.0,Golden State Warriors,19.0,63.0,-9.12,95.8,105.7,-9.9,0.278,0.101,0.468,0.427,15.1,33.7,68.6,0.197,0,0
144,1998,29.0,Denver Nuggets,11.0,71.0,-11.78,99.0,112.1,-13.1,0.335,0.139,0.496,0.44,15.1,30.2,66.3,0.259,0,0
146,1999,1.0,San Antonio Spurs,37.0,13.0,8.06,104.0,95.0,9.0,0.371,0.137,0.523,0.479,14.6,30.4,69.5,0.259,1,4
147,1999,2.0,Utah Jazz,37.0,13.0,6.52,105.8,98.4,7.4,0.417,0.107,0.545,0.485,16.0,30.0,70.4,0.32,0,2
148,1999,3.0,Portland Trail Blazers,35.0,15.0,6.36,104.8,97.7,7.1,0.341,0.171,0.521,0.473,14.5,31.8,71.8,0.253,0,0
149,1999,4.0,Miami Heat,33.0,17.0,4.96,104.7,98.9,5.8,0.354,0.226,0.54,0.494,15.3,27.3,71.0,0.26,0,1
150,1999,5.0,Indiana Pacers,33.0,17.0,3.74,108.7,104.4,4.3,0.318,0.207,0.537,0.486,12.8,28.7,69.9,0.253,0,3
151,1999,6.0,Detroit Pistons,29.0,21.0,3.42,104.2,100.3,3.9,0.345,0.183,0.528,0.48,15.6,30.5,72.0,0.256,0,1
152,1999,7.0,Atlanta Hawks,31.0,19.0,2.9,100.5,97.1,3.4,0.378,0.171,0.492,0.436,14.5,33.1,72.1,0.277,0,2
153,1999,8.0,Los Angeles Lakers,31.0,19.0,3.02,107.6,104.3,3.3,0.382,0.174,0.538,0.498,14.1,30.6,70.2,0.261,0,2
154,1999,9.0,Orlando Magic,33.0,17.0,2.6,100.3,97.4,2.9,0.318,0.171,0.498,0.456,15.4,32.6,70.8,0.222,0,1
155,1999,10.0,Houston Rockets,31.0,19.0,2.32,105.4,102.9,2.5,0.313,0.241,0.545,0.506,15.8,27.8,69.9,0.228,0,1
156,1999,11.0,Phoenix Suns,27.0,23.0,2.26,105.8,103.3,2.5,0.303,0.175,0.526,0.481,13.0,28.4,69.8,0.231,0,1
157,1999,12.0,Philadelphia 76ers,28.0,22.0,2.06,99.9,97.6,2.3,0.383,0.096,0.494,0.439,15.3,34.2,69.8,0.276,0,2
158,1999,13.0,Milwaukee Bucks,28.0,22.0,1.66,104.9,103.0,1.9,0.303,0.162,0.53,0.489,14.3,29.0,67.6,0.222,0,1
159,1999,14.0,New York Knicks,27.0,23.0,1.02,98.6,97.5,1.1,0.329,0.159,0.509,0.463,15.9,27.9,71.0,0.241,0,4
160,1999,15.0,Minnesota Timberwolves,25.0,25.0,0.38,101.9,101.5,0.4,0.264,0.095,0.481,0.439,11.7,32.5,70.2,0.196,0,1
161,1999,16.0,Charlotte Hornets,26.0,24.0,-0.1,102.3,102.4,-0.1,0.372,0.198,0.537,0.485,15.5,24.4,69.5,0.278,0,0
162,1999,17.0,Sacramento Kings,27.0,23.0,-0.42,102.7,103.1,-0.4,0.3,0.219,0.514,0.479,14.7,30.6,67.7,0.205,0,1
163,1999,18.0,Seattle SuperSonics,25.0,25.0,-1.08,105.0,106.2,-1.2,0.341,0.226,0.519,0.481,14.3,31.9,68.6,0.232,0,0
164,1999,19.0,Toronto Raptors,23.0,27.0,-1.64,102.0,103.9,-1.9,0.338,0.168,0.504,0.45,15.0,33.8,70.2,0.257,0,0
165,1999,20.0,Boston Celtics,19.0,31.0,-1.86,100.4,102.4,-2.0,0.259,0.182,0.501,0.469,14.8,30.6,69.4,0.179,0,0
166,1999,21.0,Cleveland Cavaliers,22.0,28.0,-1.72,99.6,101.6,-2.0,0.381,0.15,0.52,0.464,15.9,25.1,69.0,0.285,0,0
167,1999,22.0,Washington Wizards,18.0,32.0,-2.24,101.2,103.7,-2.5,0.302,0.146,0.507,0.468,14.1,28.2,69.5,0.213,0,0
168,1999,23.0,Dallas Mavericks,19.0,31.0,-2.4,102.3,104.9,-2.6,0.3,0.148,0.502,0.459,13.2,29.8,69.1,0.218,0,0
169,1999,24.0,Golden State Warriors,21.0,29.0,-2.5,98.4,101.1,-2.7,0.282,0.135,0.471,0.434,14.1,35.2,70.4,0.19,0,0
170,1999,25.0,New Jersey Nets,16.0,34.0,-3.78,99.5,103.6,-4.1,0.301,0.163,0.485,0.434,13.7,31.1,69.7,0.231,0,0
171,1999,26.0,Denver Nuggets,14.0,36.0,-6.6,103.1,110.4,-7.3,0.332,0.231,0.511,0.459,13.9,30.1,69.2,0.253,0,0
172,1999,27.0,Vancouver Grizzlies,8.0,42.0,-8.66,98.4,107.9,-9.5,0.367,0.118,0.498,0.447,16.0,30.9,66.9,0.263,0,0
173,1999,28.0,Los Angeles Clippers,9.0,41.0,-8.82,100.0,109.7,-9.7,0.306,0.167,0.497,0.454,14.9,30.6,66.9,0.22,0,0
174,1999,29.0,Chicago Bulls,13.0,37.0,-9.46,92.4,103.0,-10.6,0.309,0.159,0.47,0.424,15.1,26.8,71.7,0.219,0,0
176,2000,1.0,Los Angeles Lakers,67.0,15.0,8.55,107.3,98.2,9.1,0.346,0.153,0.525,0.484,12.7,30.6,73.1,0.241,1,4
177,2000,2.0,Portland Trail Blazers,59.0,23.0,6.4,107.9,100.8,7.1,0.316,0.175,0.546,0.501,14.5,30.3,72.4,0.24,0,0
178,2000,3.0,San Antonio Spurs,53.0,29.0,5.94,105.0,98.6,6.4,0.346,0.138,0.535,0.488,14.3,27.8,73.0,0.258,0,1
179,2000,4.0,Phoenix Suns,53.0,29.0,5.22,104.6,99.0,5.6,0.286,0.184,0.532,0.491,15.2,29.3,70.5,0.217,0,2
180,2000,5.0,Utah Jazz,55.0,27.0,4.46,107.3,102.3,5.0,0.337,0.134,0.54,0.49,14.3,29.5,73.2,0.26,0,2
181,2000,6.0,Indiana Pacers,56.0,26.0,4.6,108.5,103.6,4.9,0.302,0.224,0.552,0.503,13.3,24.9,71.5,0.245,0,4
182,2000,7.0,Miami Heat,52.0,30.0,3.11,104.5,101.0,3.5,0.283,0.186,0.533,0.495,14.5,28.2,72.9,0.208,0,2
183,2000,8.0,Sacramento Kings,44.0,38.0,2.91,105.0,102.1,2.9,0.277,0.227,0.526,0.486,13.9,27.7,69.7,0.209,0,1
184,2000,9.0,Charlotte Hornets,49.0,33.0,2.67,104.3,101.4,2.9,0.376,0.153,0.53,0.475,13.7,25.7,73.2,0.285,0,1
185,2000,10.0,Minnesota Timberwolves,50.0,32.0,2.52,106.1,103.4,2.7,0.256,0.104,0.525,0.485,12.9,29.4,73.0,0.2,0,1
186,2000,11.0,New York Knicks,50.0,32.0,1.46,102.5,100.9,1.6,0.283,0.147,0.527,0.482,14.4,24.7,73.1,0.221,0,3
187,2000,12.0,Detroit Pistons,42.0,40.0,1.44,107.3,105.8,1.5,0.378,0.184,0.548,0.492,14.3,26.8,71.6,0.295,0,1
188,2000,13.0,Philadelphia 76ers,49.0,33.0,1.34,101.5,100.0,1.5,0.329,0.095,0.501,0.457,14.2,31.4,69.9,0.233,0,2
189,2000,14.0,Seattle SuperSonics,45.0,37.0,0.95,105.6,104.6,1.0,0.282,0.232,0.52,0.487,12.9,28.5,69.6,0.196,0,1
190,2000,15.0,Orlando Magic,41.0,41.0,0.68,102.4,101.7,0.7,0.305,0.124,0.516,0.473,15.4,31.6,69.9,0.224,0,0
191,2000,16.0,Milwaukee Bucks,42.0,40.0,0.22,108.2,107.9,0.3,0.29,0.157,0.539,0.494,13.8,30.0,69.6,0.228,0,1
192,2000,17.0,Toronto Raptors,45.0,37.0,-0.16,104.7,104.9,-0.2,0.3,0.17,0.511,0.464,12.7,30.1,71.8,0.23,0,1
193,2000,18.0,Dallas Mavericks,40.0,42.0,-0.57,106.6,107.2,-0.6,0.248,0.188,0.532,0.49,12.6,25.5,66.1,0.2,0,0
194,2000,19.0,Boston Celtics,35.0,47.0,-0.76,104.8,105.6,-0.8,0.316,0.183,0.52,0.474,13.8,30.4,73.8,0.236,0,0
195,2000,20.0,Houston Rockets,34.0,48.0,-0.87,104.8,105.7,-0.9,0.322,0.244,0.536,0.494,15.8,29.1,71.6,0.236,0,0
196,2000,21.0,New Jersey Nets,31.0,51.0,-1.04,105.1,106.3,-1.2,0.297,0.2,0.517,0.468,12.6,28.1,67.2,0.233,0,0
197,2000,22.0,Denver Nuggets,35.0,47.0,-2.12,103.5,105.8,-2.3,0.306,0.202,0.517,0.476,14.0,29.2,71.6,0.222,0,0
198,2000,23.0,Washington Wizards,29.0,53.0,-3.28,103.5,107.0,-3.5,0.315,0.133,0.521,0.476,14.8,30.6,71.7,0.234,0,0
199,2000,24.0,Cleveland Cavaliers,32.0,50.0,-3.5,100.4,104.0,-3.6,0.327,0.136,0.516,0.468,15.6,28.1,71.2,0.245,0,0
200,2000,25.0,Atlanta Hawks,28.0,54.0,-5.38,102.0,107.9,-5.9,0.292,0.12,0.503,0.46,14.1,31.7,71.0,0.217,0,0
201,2000,26.0,Vancouver Grizzlies,22.0,60.0,-5.62,102.3,108.5,-6.2,0.32,0.139,0.524,0.474,15.8,30.1,70.6,0.247,0,0
202,2000,27.0,Golden State Warriors,19.0,63.0,-8.27,99.8,108.4,-8.6,0.301,0.15,0.484,0.444,13.9,32.6,69.1,0.21,0,0
203,2000,28.0,Chicago Bulls,17.0,65.0,-9.4,94.2,104.6,-10.4,0.338,0.167,0.49,0.443,18.0,29.9,69.9,0.24,0,0
204,2000,29.0,Los Angeles Clippers,15.0,67.0,-11.52,97.8,110.1,-12.3,0.27,0.188,0.499,0.458,14.9,26.1,69.6,0.202,0,0
206,2001,1.0,San Antonio Spurs,58.0,24.0,7.76,106.6,98.0,8.6,0.374,0.175,0.541,0.496,13.6,27.1,73.7,0.267,0,3
207,2001,2.0,Sacramento Kings,55.0,27.0,5.82,105.6,99.6,6.0,0.298,0.194,0.529,0.484,13.4,27.2,70.7,0.23,0,2
208,2001,3.0,Utah Jazz,53.0,29.0,4.7,107.6,102.4,5.2,0.363,0.135,0.546,0.497,15.1,30.2,73.2,0.273,0,1
209,2001,4.0,Philadelphia 76ers,56.0,26.0,4.28,103.6,98.9,4.7,0.351,0.124,0.518,0.468,14.7,31.2,72.5,0.262,0,4
210,2001,5.0,Portland Trail Blazers,50.0,32.0,4.2,106.5,101.8,4.7,0.296,0.165,0.539,0.497,14.8,30.0,72.4,0.225,0,0
211,2001,6.0,Dallas Mavericks,53.0,29.0,4.28,107.1,102.6,4.5,0.291,0.202,0.544,0.498,13.1,24.1,70.7,0.231,0,2
212,2001,7.0,Milwaukee Bucks,52.0,30.0,3.88,108.8,104.6,4.2,0.276,0.218,0.542,0.499,12.8,28.1,71.1,0.217,0,3
213,2001,8.0,Los Angeles Lakers,56.0,26.0,3.38,108.4,104.8,3.6,0.349,0.191,0.535,0.498,13.3,31.1,72.5,0.238,1,4
214,2001,9.0,New York Knicks,48.0,34.0,2.63,101.2,98.2,3.0,0.279,0.18,0.523,0.476,14.6,24.2,74.3,0.222,0,1
215,2001,10.0,Miami Heat,50.0,32.0,2.29,101.1,98.5,2.6,0.299,0.221,0.515,0.469,13.7,24.3,72.7,0.227,0,1
216,2001,11.0,Toronto Raptors,47.0,35.0,2.26,105.9,103.4,2.5,0.285,0.167,0.51,0.468,12.1,30.8,73.2,0.213,0,2
217,2001,12.0,Houston Rockets,45.0,37.0,2.29,106.7,104.2,2.5,0.321,0.217,0.538,0.492,14.0,27.5,71.9,0.244,0,0
218,2001,13.0,Charlotte Hornets,46.0,36.0,2.1,101.8,99.5,2.3,0.33,0.151,0.506,0.457,13.7,29.8,74.5,0.246,0,2
219,2001,14.0,Phoenix Suns,51.0,31.0,2.21,100.3,98.0,2.3,0.292,0.156,0.506,0.46,14.1,27.3,73.7,0.221,0,1
220,2001,15.0,Minnesota Timberwolves,47.0,35.0,1.35,105.2,103.7,1.5,0.253,0.131,0.523,0.482,13.0,28.6,71.9,0.199,0,1
221,2001,16.0,Orlando Magic,43.0,39.0,0.99,103.2,102.1,1.1,0.301,0.196,0.513,0.474,13.8,29.1,69.8,0.215,0,1
222,2001,17.0,Seattle SuperSonics,44.0,38.0,0.02,105.6,105.6,0.0,0.299,0.176,0.53,0.491,14.3,29.1,69.8,0.219,0,0
223,2001,18.0,Indiana Pacers,41.0,41.0,-0.2,102.0,102.2,-0.2,0.312,0.18,0.519,0.471,14.5,27.0,71.4,0.239,0,1
224,2001,19.0,Detroit Pistons,32.0,50.0,-1.7,100.0,101.8,-1.8,0.325,0.162,0.498,0.453,14.2,29.3,72.2,0.234,0,0
225,2001,20.0,Boston Celtics,36.0,46.0,-2.13,101.4,103.7,-2.3,0.338,0.252,0.521,0.473,14.7,25.3,72.7,0.25,0,0
226,2001,21.0,Denver Nuggets,40.0,42.0,-2.46,103.7,106.3,-2.6,0.286,0.21,0.511,0.47,12.8,28.3,71.8,0.211,0,0
227,2001,22.0,Los Angeles Clippers,31.0,51.0,-2.89,101.3,104.5,-3.2,0.319,0.164,0.514,0.476,14.9,28.3,71.1,0.221,0,0
228,2001,23.0,Cleveland Cavaliers,30.0,52.0,-4.24,100.3,104.9,-4.6,0.312,0.101,0.509,0.459,15.4,29.7,71.1,0.239,0,0
229,2001,24.0,New Jersey Nets,26.0,56.0,-5.05,100.0,105.5,-5.5,0.328,0.165,0.504,0.452,13.9,25.7,70.0,0.249,0,0
230,2001,25.0,Atlanta Hawks,25.0,57.0,-5.21,98.7,104.3,-5.6,0.272,0.14,0.5,0.456,15.5,28.9,70.8,0.206,0,0
231,2001,26.0,Vancouver Grizzlies,23.0,59.0,-5.73,99.6,105.8,-6.2,0.289,0.145,0.51,0.464,14.9,26.1,69.8,0.223,0,0
232,2001,27.0,Washington Wizards,19.0,63.0,-6.67,100.6,107.8,-7.2,0.348,0.131,0.514,0.46,15.7,29.7,71.8,0.264,0,0
233,2001,28.0,Golden State Warriors,17.0,65.0,-9.05,97.8,107.4,-9.6,0.282,0.134,0.47,0.429,13.9,33.3,69.7,0.199,0,0
234,2001,29.0,Chicago Bulls,15.0,67.0,-9.1,97.2,107.3,-10.1,0.298,0.148,0.495,0.45,15.1,26.6,70.3,0.22,0,0
236,2002,1.0,Sacramento Kings,61.0,21.0,7.61,109.0,101.1,7.9,0.308,0.166,0.539,0.497,12.4,27.9,71.7,0.231,0,3
237,2002,2.0,Los Angeles Lakers,58.0,24.0,7.12,109.4,101.7,7.7,0.313,0.21,0.534,0.498,11.8,28.8,72.0,0.218,1,4
238,2002,3.0,San Antonio Spurs,58.0,24.0,6.21,106.5,99.7,6.8,0.353,0.19,0.539,0.492,13.8,27.2,71.9,0.262,0,2
239,2002,4.0,New Jersey Nets,52.0,30.0,4.16,104.0,99.5,4.5,0.28,0.175,0.515,0.476,13.4,29.2,71.6,0.206,0,4
240,2002,5.0,Dallas Mavericks,57.0,25.0,4.26,112.2,107.7,4.5,0.288,0.237,0.553,0.507,11.3,26.1,70.7,0.232,0,2
241,2002,6.0,Minnesota Timberwolves,50.0,32.0,3.38,109.0,105.3,3.7,0.255,0.152,0.532,0.49,12.5,31.3,73.7,0.203,0,1
242,2002,7.0,Portland Trail Blazers,49.0,33.0,2.99,107.4,104.0,3.4,0.285,0.198,0.528,0.485,13.5,31.8,73.3,0.218,0,0
243,2002,8.0,Seattle SuperSonics,45.0,37.0,3.02,108.9,105.6,3.3,0.25,0.193,0.54,0.505,13.2,29.4,68.1,0.189,0,1
244,2002,9.0,Boston Celtics,49.0,33.0,2.21,103.4,101.0,2.4,0.291,0.289,0.52,0.476,12.8,24.1,72.9,0.223,0,3
245,2002,10.0,Detroit Pistons,50.0,32.0,2.13,104.8,102.4,2.4,0.31,0.24,0.54,0.497,14.3,24.4,70.5,0.235,0,2
246,2002,11.0,Philadelphia 76ers,43.0,39.0,1.6,102.1,100.3,1.8,0.327,0.111,0.507,0.452,14.6,31.7,72.1,0.255,0,1
247,2002,12.0,Orlando Magic,44.0,38.0,1.57,107.0,105.3,1.7,0.278,0.241,0.533,0.493,12.6,26.3,69.2,0.21,0,1
248,2002,13.0,Utah Jazz,44.0,38.0,0.89,105.6,104.6,1.0,0.381,0.132,0.529,0.472,15.4,33.5,71.7,0.291,0,1
249,2002,14.0,Charlotte Hornets,44.0,38.0,0.96,104.3,103.3,1.0,0.32,0.151,0.513,0.466,13.3,30.6,72.2,0.238,0,2
250,2002,15.0,Indiana Pacers,42.0,40.0,0.27,104.1,103.8,0.3,0.328,0.182,0.527,0.477,14.2,27.0,71.0,0.253,0,1
251,2002,16.0,Milwaukee Bucks,41.0,41.0,-0.22,106.9,107.1,-0.2,0.269,0.241,0.544,0.507,13.6,25.6,70.9,0.201,0,0
252,2002,17.0,Los Angeles Clippers,39.0,43.0,-0.46,105.5,106.0,-0.5,0.304,0.172,0.519,0.476,13.8,31.3,69.9,0.225,0,0
253,2002,18.0,Toronto Raptors,42.0,40.0,-0.44,102.6,103.1,-0.5,0.255,0.165,0.501,0.463,13.6,31.4,70.1,0.189,0,1
254,2002,19.0,Phoenix Suns,36.0,46.0,-0.68,103.3,104.0,-0.7,0.235,0.158,0.51,0.472,13.6,30.1,70.2,0.18,0,0
255,2002,20.0,Washington Wizards,37.0,45.0,-1.4,104.8,106.4,-1.6,0.28,0.118,0.508,0.464,12.5,30.7,71.4,0.214,0,0
256,2002,21.0,Miami Heat,36.0,46.0,-1.54,98.5,100.2,-1.7,0.268,0.141,0.501,0.463,14.6,26.6,74.0,0.194,0,0
257,2002,22.0,Cleveland Cavaliers,29.0,53.0,-3.33,104.6,108.2,-3.6,0.301,0.156,0.524,0.477,13.8,28.9,72.8,0.232,0,0
258,2002,23.0,New York Knicks,30.0,52.0,-3.99,101.5,105.9,-4.4,0.274,0.206,0.514,0.468,14.0,25.6,71.9,0.216,0,0
259,2002,24.0,Atlanta Hawks,33.0,49.0,-4.23,101.8,106.4,-4.6,0.294,0.181,0.517,0.471,14.6,27.5,70.9,0.225,0,0
260,2002,25.0,Houston Rockets,28.0,54.0,-4.89,103.1,108.6,-5.5,0.286,0.223,0.507,0.465,13.4,29.0,69.8,0.211,0,0
261,2002,26.0,Golden State Warriors,21.0,61.0,-5.4,102.8,108.5,-5.7,0.335,0.142,0.499,0.452,14.7,35.3,69.4,0.242,0,0
262,2002,27.0,Denver Nuggets,27.0,55.0,-5.82,101.4,107.8,-6.4,0.256,0.187,0.495,0.455,13.6,30.6,69.9,0.19,0,0
263,2002,28.0,Memphis Grizzlies,23.0,59.0,-7.44,98.2,106.3,-8.1,0.288,0.168,0.501,0.462,15.4,27.8,68.0,0.204,0,0
264,2002,29.0,Chicago Bulls,21.0,61.0,-8.54,98.2,107.6,-9.4,0.302,0.134,0.499,0.456,14.6,26.6,71.4,0.218,0,0
266,2003,1.0,Dallas Mavericks,60.0,22.0,7.78,110.7,102.3,8.4,0.257,0.239,0.543,0.498,10.9,25.4,70.9,0.213,0,3
267,2003,2.0,Sacramento Kings,59.0,23.0,6.5,105.9,99.1,6.8,0.262,0.184,0.535,0.499,13.3,25.6,70.6,0.196,0,2
268,2003,3.0,San Antonio Spurs,60.0,22.0,5.41,105.6,99.7,5.9,0.348,0.202,0.541,0.497,15.1,28.8,71.3,0.253,1,4
269,2003,4.0,New Jersey Nets,49.0,33.0,5.22,103.8,98.1,5.7,0.333,0.158,0.518,0.468,13.8,28.7,73.1,0.252,0,4
270,2003,5.0,Detroit Pistons,50.0,32.0,3.68,104.1,99.9,4.2,0.322,0.237,0.523,0.473,13.3,25.9,74.0,0.248,0,3
271,2003,6.0,Indiana Pacers,48.0,34.0,3.49,104.6,100.8,3.8,0.344,0.169,0.522,0.469,13.7,29.0,72.3,0.263,0,1
272,2003,7.0,Portland Trail Blazers,50.0,32.0,2.61,105.5,102.6,2.9,0.3,0.177,0.531,0.489,14.5,30.2,72.3,0.223,0,0
273,2003,8.0,Utah Jazz,47.0,35.0,2.39,105.5,102.8,2.7,0.38,0.104,0.537,0.486,16.0,32.5,70.2,0.283,0,1
274,2003,9.0,Los Angeles Lakers,50.0,32.0,2.33,107.2,104.7,2.5,0.311,0.199,0.528,0.486,13.3,30.2,72.7,0.228,0,2
275,2003,10.0,Philadelphia 76ers,48.0,34.0,2.3,105.0,102.5,2.5,0.339,0.119,0.52,0.466,13.7,30.3,72.7,0.263,0,2
276,2003,11.0,Minnesota Timberwolves,51.0,31.0,2.07,106.1,103.8,2.3,0.268,0.118,0.528,0.488,12.9,28.2,72.9,0.206,0,1
277,2003,12.0,New Orleans Hornets,47.0,35.0,2.11,103.9,101.6,2.3,0.285,0.161,0.511,0.465,13.9,31.7,73.1,0.219,0,1
278,2003,13.0,Houston Rockets,43.0,39.0,1.48,104.3,102.6,1.7,0.316,0.196,0.522,0.474,14.8,30.3,72.4,0.243,0,0
279,2003,14.0,Phoenix Suns,44.0,38.0,1.13,103.7,102.5,1.2,0.285,0.17,0.514,0.473,13.7,29.7,70.3,0.211,0,1
280,2003,15.0,Orlando Magic,42.0,40.0,0.13,105.2,105.0,0.2,0.307,0.235,0.526,0.478,13.3,27.0,71.1,0.239,0,1
281,2003,16.0,Milwaukee Bucks,42.0,40.0,0.23,108.8,108.6,0.2,0.287,0.229,0.543,0.5,12.2,25.6,69.9,0.222,0,1
282,2003,17.0,Seattle SuperSonics,40.0,42.0,-0.12,103.7,103.9,-0.2,0.27,0.196,0.512,0.472,12.8,28.1,71.8,0.201,0,0
283,2003,18.0,Boston Celtics,44.0,38.0,-0.39,101.2,101.6,-0.4,0.306,0.331,0.514,0.47,13.4,23.6,72.5,0.227,0,2
284,2003,19.0,Washington Wizards,37.0,45.0,-1.01,103.0,104.1,-1.1,0.325,0.127,0.513,0.46,13.0,27.3,71.6,0.253,0,0
285,2003,20.0,Golden State Warriors,38.0,44.0,-1.13,108.3,109.5,-1.2,0.343,0.178,0.526,0.472,13.9,35.0,67.9,0.267,0,0
286,2003,21.0,New York Knicks,37.0,45.0,-1.35,104.7,106.2,-1.5,0.241,0.235,0.528,0.486,13.4,24.4,71.8,0.196,0,0
287,2003,22.0,Memphis Grizzlies,28.0,54.0,-3.23,103.9,107.3,-3.4,0.287,0.19,0.526,0.487,14.2,27.0,68.7,0.212,0,0
288,2003,23.0,Atlanta Hawks,35.0,47.0,-3.56,102.3,106.1,-3.8,0.313,0.177,0.527,0.476,15.7,27.9,70.4,0.248,0,0
289,2003,24.0,Los Angeles Clippers,27.0,55.0,-4.12,102.3,106.8,-4.5,0.335,0.182,0.516,0.467,14.8,29.1,70.2,0.252,0,0
290,2003,25.0,Chicago Bulls,30.0,52.0,-5.13,100.2,105.6,-5.4,0.3,0.148,0.512,0.471,15.4,27.7,69.5,0.217,0,0
291,2003,26.0,Miami Heat,25.0,57.0,-5.05,96.7,102.4,-5.7,0.259,0.169,0.483,0.439,13.8,26.8,73.9,0.198,0,0
292,2003,27.0,Toronto Raptors,24.0,58.0,-5.87,100.5,107.0,-6.5,0.282,0.179,0.497,0.458,13.6,28.2,70.7,0.203,0,0
293,2003,28.0,Denver Nuggets,17.0,65.0,-8.28,92.2,101.3,-9.1,0.283,0.126,0.469,0.428,17.1,31.3,73.3,0.198,0,0
294,2003,29.0,Cleveland Cavaliers,17.0,65.0,-9.62,96.5,106.7,-10.2,0.298,0.133,0.491,0.444,16.4,31.0,73.2,0.223,0,0
296,2004,1.0,San Antonio Spurs,57.0,25.0,7.22,102.2,94.1,8.1,0.322,0.177,0.511,0.473,14.1,29.5,74.6,0.219,0,2
297,2004,2.0,Detroit Pistons,54.0,28.0,5.84,102.0,95.4,6.6,0.328,0.153,0.511,0.461,14.7,30.1,71.8,0.247,1,4
298,2004,3.0,Indiana Pacers,61.0,21.0,5.76,103.8,97.2,6.6,0.319,0.203,0.52,0.471,14.1,28.5,73.9,0.243,0,3
299,2004,4.0,Minnesota Timberwolves,58.0,24.0,5.49,105.9,99.7,6.2,0.265,0.137,0.528,0.486,12.4,26.7,72.5,0.207,0,3
300,2004,5.0,Sacramento Kings,55.0,27.0,5.01,110.3,104.9,5.4,0.305,0.223,0.554,0.507,13.0,26.0,69.8,0.242,0,2
301,2004,6.0,Dallas Mavericks,52.0,30.0,4.44,112.1,107.4,4.7,0.256,0.201,0.536,0.495,11.1,31.4,71.6,0.204,0,1
302,2004,7.0,Los Angeles Lakers,56.0,26.0,3.9,105.5,101.3,4.2,0.352,0.167,0.522,0.481,12.8,28.1,73.3,0.244,0,4
303,2004,8.0,New Jersey Nets,47.0,35.0,2.5,100.8,98.0,2.8,0.291,0.176,0.515,0.471,14.4,25.9,73.9,0.219,0,2
304,2004,9.0,Memphis Grizzlies,50.0,32.0,2.44,104.8,102.2,2.6,0.322,0.197,0.522,0.479,13.9,29.5,68.4,0.234,0,1
305,2004,10.0,Houston Rockets,45.0,37.0,1.73,100.9,99.0,1.9,0.286,0.227,0.528,0.484,16.4,26.5,74.5,0.221,0,1
306,2004,11.0,Denver Nuggets,43.0,39.0,1.07,103.9,102.7,1.2,0.319,0.146,0.517,0.467,14.2,30.5,69.3,0.245,0,1
307,2004,12.0,Milwaukee Bucks,41.0,41.0,1.06,106.5,105.4,1.1,0.33,0.172,0.528,0.477,12.7,27.6,71.8,0.255,0,1
308,2004,13.0,Miami Heat,42.0,40.0,0.52,102.2,101.7,0.5,0.298,0.211,0.51,0.463,13.5,27.4,73.4,0.227,0,2
309,2004,14.0,New Orleans Hornets,41.0,41.0,-0.1,102.3,102.4,-0.1,0.293,0.252,0.505,0.46,14.1,30.6,71.3,0.22,0,1
310,2004,15.0,Seattle SuperSonics,37.0,45.0,-0.63,107.3,108.0,-0.7,0.27,0.294,0.54,0.501,13.9,27.2,68.5,0.207,0,0
311,2004,16.0,Golden State Warriors,37.0,45.0,-0.73,103.0,103.8,-0.8,0.311,0.197,0.517,0.475,14.1,28.4,72.1,0.226,0,0
312,2004,17.0,Portland Trail Blazers,41.0,41.0,-1.27,103.7,105.1,-1.4,0.267,0.17,0.515,0.478,14.4,31.2,70.0,0.195,0,0
313,2004,18.0,Utah Jazz,42.0,40.0,-1.22,101.9,103.3,-1.4,0.356,0.127,0.509,0.456,16.1,34.1,72.4,0.266,0,0
314,2004,19.0,Boston Celtics,36.0,46.0,-1.45,102.1,103.7,-1.6,0.327,0.249,0.532,0.486,15.4,25.2,69.5,0.245,0,1
315,2004,20.0,New York Knicks,39.0,43.0,-1.48,101.7,103.3,-1.6,0.266,0.171,0.518,0.474,15.1,28.0,72.8,0.211,0,1
316,2004,21.0,Philadelphia 76ers,33.0,49.0,-2.49,99.1,101.9,-2.8,0.321,0.158,0.505,0.456,15.5,28.2,70.7,0.242,0,0
317,2004,22.0,Cleveland Cavaliers,35.0,47.0,-2.62,101.4,104.2,-2.8,0.301,0.116,0.498,0.451,13.7,31.1,73.0,0.226,0,0
318,2004,23.0,Toronto Raptors,33.0,49.0,-3.01,97.0,100.4,-3.4,0.26,0.204,0.495,0.454,14.1,23.8,70.1,0.195,0,0
319,2004,24.0,Phoenix Suns,29.0,53.0,-3.74,101.4,105.5,-4.1,0.28,0.18,0.515,0.475,14.3,26.6,69.9,0.209,0,0
320,2004,25.0,Los Angeles Clippers,28.0,54.0,-4.59,103.5,108.5,-5.0,0.35,0.156,0.512,0.453,15.0,32.8,70.0,0.275,0,0
321,2004,26.0,Atlanta Hawks,28.0,54.0,-4.65,101.0,106.1,-5.1,0.303,0.191,0.514,0.465,15.4,28.6,70.5,0.235,0,0
322,2004,27.0,Washington Wizards,25.0,57.0,-5.63,98.8,104.8,-6.0,0.337,0.194,0.5,0.454,16.0,30.7,69.5,0.241,0,0
323,2004,28.0,Chicago Bulls,23.0,59.0,-6.35,96.6,103.4,-6.8,0.272,0.186,0.486,0.446,14.9,28.1,71.4,0.197,0,0
324,2004,29.0,Orlando Magic,21.0,61.0,-7.02,102.7,110.4,-7.7,0.296,0.184,0.504,0.461,12.8,28.1,68.7,0.218,0,0
326,2005,1.0,San Antonio Spurs,59.0,23.0,7.8,107.5,98.8,8.7,0.329,0.216,0.534,0.492,13.2,29.1,73.6,0.238,1,4
327,2005,2.0,Phoenix Suns,62.0,20.0,7.12,114.5,107.1,7.4,0.296,0.289,0.571,0.534,12.4,27.5,68.3,0.222,0,3
328,2005,3.0,Miami Heat,59.0,23.0,6.52,110.2,103.1,7.1,0.387,0.198,0.559,0.524,13.1,27.0,74.1,0.26,0,3
329,2005,4.0,Dallas Mavericks,58.0,24.0,5.74,110.3,104.1,6.2,0.346,0.19,0.545,0.492,12.5,28.6,70.2,0.273,0,2
330,2005,5.0,Houston Rockets,51.0,31.0,4.04,106.2,101.7,4.5,0.309,0.237,0.534,0.486,13.5,26.3,74.5,0.242,0,1
331,2005,6.0,Detroit Pistons,54.0,28.0,3.87,105.6,101.2,4.4,0.335,0.164,0.519,0.472,13.3,31.2,73.0,0.247,0,4
332,2005,7.0,Seattle SuperSonics,52.0,30.0,2.29,112.2,109.6,2.6,0.328,0.281,0.546,0.495,13.0,32.4,71.3,0.259,0,2
333,2005,8.0,Memphis Grizzlies,45.0,37.0,2.29,105.5,102.9,2.6,0.323,0.237,0.535,0.489,14.3,27.1,69.9,0.243,0,1
334,2005,9.0,Sacramento Kings,50.0,32.0,2.16,110.5,108.2,2.3,0.287,0.2,0.541,0.496,12.0,28.8,69.0,0.226,0,1
335,2005,10.0,Denver Nuggets,49.0,33.0,2.02,106.0,103.9,2.1,0.35,0.142,0.535,0.483,13.8,28.4,71.7,0.267,0,1
336,2005,11.0,Minnesota Timberwolves,44.0,38.0,1.45,108.2,106.6,1.6,0.275,0.173,0.534,0.489,12.7,28.6,71.4,0.219,0,0
337,2005,12.0,Chicago Bulls,47.0,35.0,1.06,101.4,100.3,1.1,0.311,0.217,0.517,0.471,15.5,28.4,72.6,0.233,0,1
338,2005,13.0,Boston Celtics,45.0,37.0,0.87,107.5,106.6,0.9,0.357,0.192,0.551,0.501,14.7,27.2,70.1,0.273,0,1
339,2005,14.0,Cleveland Cavaliers,42.0,40.0,0.79,106.6,105.7,0.9,0.325,0.135,0.518,0.47,13.0,32.5,71.5,0.244,0,0
340,2005,15.0,Indiana Pacers,44.0,38.0,0.76,105.5,104.6,0.9,0.358,0.255,0.534,0.476,14.1,26.4,71.3,0.283,0,2
341,2005,16.0,Washington Wizards,45.0,37.0,-0.33,107.2,107.5,-0.3,0.364,0.22,0.523,0.474,12.9,31.1,70.0,0.264,0,2
342,2005,17.0,Philadelphia 76ers,43.0,39.0,-0.74,103.5,104.3,-0.8,0.326,0.216,0.528,0.475,14.2,25.4,72.7,0.257,0,1
343,2005,18.0,Los Angeles Clippers,37.0,45.0,-0.77,105.5,106.4,-0.9,0.357,0.105,0.533,0.477,14.9,30.3,71.3,0.278,0,0
344,2005,19.0,New Jersey Nets,42.0,40.0,-1.5,101.4,103.1,-1.7,0.318,0.187,0.512,0.463,13.7,25.5,73.2,0.242,0,1
345,2005,20.0,Toronto Raptors,33.0,49.0,-1.62,106.9,108.7,-1.8,0.316,0.253,0.539,0.492,12.5,23.7,71.1,0.244,0,0
346,2005,21.0,Golden State Warriors,34.0,48.0,-2.16,104.7,106.9,-2.2,0.278,0.252,0.512,0.475,12.3,27.8,69.7,0.201,0,0
347,2005,22.0,Orlando Magic,36.0,46.0,-2.24,104.9,107.3,-2.4,0.35,0.137,0.529,0.478,14.6,29.9,71.3,0.265,0,0
348,2005,23.0,New York Knicks,33.0,49.0,-2.44,106.2,108.9,-2.7,0.312,0.188,0.531,0.485,13.8,28.3,71.2,0.239,0,0
349,2005,24.0,Milwaukee Bucks,30.0,52.0,-2.99,106.6,109.8,-3.2,0.339,0.141,0.527,0.475,13.0,29.0,72.0,0.261,0,0
350,2005,25.0,Los Angeles Lakers,34.0,48.0,-2.96,108.1,111.4,-3.3,0.322,0.273,0.535,0.485,13.4,29.5,71.1,0.251,0,0
351,2005,26.0,Portland Trail Blazers,27.0,55.0,-4.0,103.2,107.7,-4.5,0.303,0.181,0.524,0.484,15.2,29.6,67.7,0.219,0,0
352,2005,27.0,Utah Jazz,26.0,56.0,-4.27,104.7,109.5,-4.8,0.361,0.121,0.522,0.469,15.0,31.9,72.3,0.273,0,0
353,2005,28.0,Charlotte Bobcats,18.0,64.0,-5.99,101.1,107.5,-6.4,0.306,0.128,0.497,0.455,13.3,29.5,70.9,0.217,0,0
354,2005,29.0,New Orleans Hornets,18.0,64.0,-7.07,99.7,107.7,-8.0,0.279,0.201,0.493,0.446,14.2,29.1,70.7,0.214,0,0
355,2005,30.0,Atlanta Hawks,13.0,69.0,-9.71,100.6,111.1,-10.5,0.299,0.146,0.504,0.464,14.9,30.7,72.1,0.212,0,0
357,2006,1.0,San Antonio Spurs,63.0,19.0,6.82,107.3,99.6,7.7,0.298,0.215,0.546,0.513,13.6,26.0,74.2,0.209,0,2
358,2006,2.0,Detroit Pistons,64.0,18.0,6.67,110.8,103.1,7.7,0.297,0.221,0.535,0.497,11.2,28.9,71.2,0.216,0,3
359,2006,3.0,Dallas Mavericks,60.0,22.0,6.07,111.8,105.0,6.8,0.364,0.175,0.55,0.495,13.1,31.8,72.2,0.285,0,4
360,2006,4.0,Phoenix Suns,54.0,28.0,5.55,111.5,105.8,5.7,0.206,0.293,0.568,0.537,12.2,22.1,72.1,0.166,0,3
361,2006,5.0,Memphis Grizzlies,49.0,33.0,3.7,105.9,101.6,4.3,0.339,0.258,0.537,0.496,13.9,25.8,72.0,0.241,0,1
362,2006,6.0,Miami Heat,52.0,30.0,3.87,108.7,104.5,4.2,0.363,0.227,0.556,0.517,13.9,26.7,76.4,0.254,1,4
363,2006,7.0,Los Angeles Lakers,45.0,37.0,2.5,108.4,105.7,2.7,0.329,0.24,0.539,0.495,13.1,28.8,73.6,0.245,0,1
364,2006,8.0,Cleveland Cavaliers,50.0,32.0,2.23,107.8,105.4,2.4,0.362,0.228,0.538,0.492,13.3,28.4,75.7,0.263,0,2
365,2006,9.0,Indiana Pacers,41.0,41.0,1.89,104.5,102.4,2.1,0.344,0.245,0.533,0.487,14.8,27.1,72.6,0.254,0,1
366,2006,10.0,Washington Wizards,42.0,40.0,1.85,109.3,107.3,2.0,0.375,0.209,0.538,0.484,12.8,29.5,70.9,0.284,0,1
367,2006,11.0,Sacramento Kings,44.0,38.0,1.54,106.7,105.0,1.7,0.334,0.217,0.544,0.492,13.9,25.4,72.2,0.262,0,1
368,2006,12.0,Los Angeles Clippers,47.0,35.0,1.57,105.3,103.6,1.7,0.332,0.131,0.54,0.487,13.8,25.4,75.9,0.263,0,2
369,2006,13.0,New Jersey Nets,49.0,33.0,1.37,103.9,102.4,1.5,0.346,0.229,0.528,0.478,13.3,24.0,76.3,0.262,0,2
370,2006,14.0,Chicago Bulls,41.0,41.0,0.63,104.0,103.4,0.6,0.292,0.219,0.527,0.487,13.9,26.3,74.7,0.216,0,1
371,2006,15.0,Denver Nuggets,44.0,38.0,0.23,105.5,105.2,0.3,0.347,0.161,0.535,0.488,13.7,26.8,72.0,0.258,0,1
372,2006,16.0,Milwaukee Bucks,40.0,42.0,-1.04,106.3,107.4,-1.1,0.322,0.203,0.535,0.492,13.8,27.3,74.6,0.238,0,1
373,2006,17.0,Orlando Magic,36.0,46.0,-1.07,106.3,107.5,-1.2,0.369,0.129,0.543,0.496,14.7,28.5,72.5,0.27,0,0
374,2006,18.0,Golden State Warriors,34.0,48.0,-1.35,104.8,106.2,-1.4,0.323,0.27,0.521,0.479,13.0,26.9,71.6,0.232,0,0
375,2006,19.0,Houston Rockets,34.0,48.0,-1.59,101.6,103.3,-1.7,0.317,0.226,0.519,0.471,14.3,25.5,74.6,0.24,0,0
376,2006,20.0,Boston Celtics,33.0,49.0,-1.54,105.2,106.9,-1.7,0.349,0.204,0.551,0.504,15.7,25.5,72.8,0.263,0,0
377,2006,21.0,Minnesota Timberwolves,33.0,49.0,-1.88,102.4,104.5,-2.1,0.299,0.149,0.524,0.48,14.2,25.2,71.3,0.226,0,0
378,2006,22.0,Philadelphia 76ers,38.0,44.0,-1.95,106.0,108.1,-2.1,0.356,0.158,0.538,0.487,13.3,25.6,71.3,0.27,0,0
379,2006,23.0,Utah Jazz,41.0,41.0,-2.63,104.1,107.0,-2.9,0.397,0.149,0.519,0.467,15.0,32.4,73.2,0.286,0,0
380,2006,24.0,New Orleans/Oklahoma City Hornets,38.0,44.0,-2.82,103.7,106.8,-3.1,0.339,0.138,0.515,0.464,12.9,26.9,73.4,0.257,0,0
381,2006,25.0,Toronto Raptors,27.0,55.0,-2.99,109.5,112.7,-3.2,0.315,0.244,0.548,0.5,12.4,25.4,73.3,0.249,0,0
382,2006,26.0,Seattle SuperSonics,35.0,47.0,-3.02,111.1,114.4,-3.3,0.314,0.243,0.551,0.504,13.7,30.4,69.0,0.246,0,0
383,2006,27.0,Charlotte Bobcats,26.0,56.0,-4.0,102.5,106.7,-4.2,0.319,0.184,0.509,0.464,13.0,27.1,70.7,0.233,0,0
384,2006,28.0,Atlanta Hawks,26.0,56.0,-4.76,106.4,111.6,-5.2,0.34,0.178,0.534,0.486,14.7,31.4,69.5,0.255,0,0
385,2006,29.0,New York Knicks,23.0,59.0,-6.4,104.0,111.0,-7.0,0.417,0.142,0.534,0.481,16.5,31.2,72.8,0.303,0,0
386,2006,30.0,Portland Trail Blazers,21.0,61.0,-9.45,101.1,111.9,-10.8,0.31,0.166,0.511,0.474,14.5,26.6,68.2,0.214,0,0
388,2007,1.0,San Antonio Spurs,58.0,24.0,8.43,109.2,99.9,9.3,0.313,0.247,0.561,0.521,13.6,24.2,75.7,0.235,1,4
389,2007,2.0,Dallas Mavericks,67.0,15.0,7.22,111.3,103.2,8.1,0.317,0.218,0.559,0.509,13.4,28.7,75.0,0.256,0,1
390,2007,3.0,Phoenix Suns,61.0,21.0,7.3,113.9,106.4,7.5,0.267,0.287,0.59,0.551,13.4,22.7,71.9,0.215,0,2
391,2007,4.0,Chicago Bulls,49.0,33.0,5.01,104.9,99.6,5.3,0.313,0.186,0.534,0.493,14.7,28.6,74.3,0.229,0,2
392,2007,5.0,Houston Rockets,52.0,30.0,4.85,106.0,100.7,5.3,0.292,0.29,0.54,0.499,13.6,25.7,77.0,0.22,0,1
393,2007,6.0,Detroit Pistons,53.0,29.0,4.16,108.9,104.2,4.7,0.307,0.201,0.535,0.488,12.0,28.3,70.9,0.237,0,3
394,2007,7.0,Cleveland Cavaliers,50.0,32.0,3.83,105.5,101.3,4.2,0.32,0.211,0.522,0.484,13.4,29.7,75.8,0.223,0,4
395,2007,8.0,Utah Jazz,51.0,31.0,2.87,110.1,107.0,3.1,0.38,0.163,0.551,0.502,14.5,31.7,75.1,0.283,0,3
396,2007,9.0,Denver Nuggets,45.0,37.0,1.62,107.6,105.9,1.7,0.36,0.212,0.548,0.501,14.6,28.9,71.8,0.268,0,1
397,2007,10.0,Toronto Raptors,47.0,35.0,0.99,107.0,106.0,1.0,0.303,0.224,0.55,0.504,13.0,22.2,74.5,0.239,0,1
398,2007,11.0,Orlando Magic,40.0,42.0,0.78,104.9,104.1,0.8,0.393,0.158,0.544,0.5,16.3,29.3,73.7,0.276,0,1
399,2007,12.0,Los Angeles Lakers,42.0,40.0,-0.07,108.6,108.6,0.0,0.333,0.259,0.554,0.511,14.3,26.1,72.3,0.249,0,1
400,2007,13.0,Golden State Warriors,42.0,40.0,-0.34,107.0,107.4,-0.4,0.3,0.279,0.548,0.512,14.1,25.6,69.6,0.215,0,2
401,2007,14.0,Washington Wizards,41.0,41.0,-0.51,110.1,110.6,-0.5,0.356,0.237,0.542,0.491,12.6,28.1,71.0,0.272,0,0
402,2007,15.0,Los Angeles Clippers,40.0,42.0,-0.46,105.1,105.6,-0.5,0.355,0.143,0.537,0.481,14.5,27.2,74.7,0.28,0,0
403,2007,16.0,New Jersey Nets,41.0,41.0,-0.77,105.7,106.6,-0.9,0.338,0.263,0.546,0.504,14.2,24.6,74.4,0.245,0,2
404,2007,17.0,Miami Heat,44.0,38.0,-0.91,104.3,105.3,-1.0,0.321,0.245,0.541,0.506,14.3,24.9,73.3,0.222,0,1
405,2007,18.0,New Orleans/Oklahoma City Hornets,39.0,43.0,-1.57,104.8,106.5,-1.7,0.291,0.188,0.52,0.479,13.6,29.1,74.7,0.215,0,0
406,2007,19.0,Sacramento Kings,33.0,49.0,-1.8,106.2,108.0,-1.8,0.379,0.232,0.545,0.491,13.5,23.1,72.5,0.289,0,0
407,2007,20.0,Indiana Pacers,35.0,47.0,-2.44,102.9,105.5,-2.6,0.324,0.212,0.523,0.474,15.1,28.4,72.7,0.246,0,0
408,2007,21.0,Seattle SuperSonics,31.0,51.0,-2.89,107.2,110.3,-3.1,0.288,0.219,0.544,0.499,14.5,27.8,70.9,0.228,0,0
409,2007,22.0,New York Knicks,33.0,49.0,-2.85,105.7,108.8,-3.1,0.377,0.216,0.539,0.494,15.9,31.0,74.0,0.27,0,0
410,2007,23.0,Philadelphia 76ers,35.0,47.0,-3.02,103.6,106.9,-3.3,0.333,0.128,0.53,0.48,14.6,27.2,70.8,0.255,0,0
411,2007,24.0,Boston Celtics,24.0,58.0,-3.41,103.2,106.9,-3.7,0.337,0.199,0.53,0.479,15.4,27.0,73.8,0.259,0,0
412,2007,25.0,Minnesota Timberwolves,32.0,50.0,-3.67,103.9,107.9,-4.0,0.291,0.167,0.537,0.49,14.8,25.1,72.1,0.231,0,0
413,2007,26.0,Charlotte Bobcats,33.0,49.0,-3.74,103.6,107.6,-4.0,0.322,0.193,0.524,0.48,13.9,26.4,71.6,0.236,0,0
414,2007,27.0,Milwaukee Bucks,28.0,54.0,-4.38,107.0,111.7,-4.7,0.286,0.219,0.541,0.504,14.1,27.6,68.1,0.209,0,0
415,2007,28.0,Portland Trail Blazers,32.0,50.0,-4.29,105.1,109.9,-4.8,0.314,0.193,0.53,0.483,14.5,28.2,73.0,0.241,0,0
416,2007,29.0,Atlanta Hawks,30.0,52.0,-4.76,103.0,108.3,-5.3,0.346,0.163,0.523,0.471,15.1,29.2,70.9,0.263,0,0
417,2007,30.0,Memphis Grizzlies,22.0,60.0,-5.15,106.9,112.3,-5.4,0.374,0.211,0.555,0.504,15.2,25.9,71.1,0.285,0,0
419,2008,1.0,Boston Celtics,66.0,16.0,10.26,110.2,98.9,11.3,0.346,0.249,0.569,0.522,14.7,26.6,74.4,0.267,1,4
420,2008,2.0,Detroit Pistons,59.0,23.0,7.39,111.4,102.9,8.5,0.3,0.203,0.539,0.495,11.4,29.4,73.7,0.23,0,3
421,2008,3.0,Los Angeles Lakers,57.0,25.0,7.26,113.0,105.5,7.5,0.333,0.257,0.57,0.525,12.9,26.3,73.4,0.256,0,4
422,2008,4.0,Utah Jazz,54.0,28.0,6.88,113.8,106.5,7.3,0.349,0.166,0.573,0.528,13.6,29.5,74.1,0.265,0,2
423,2008,5.0,Orlando Magic,52.0,30.0,5.46,111.3,105.5,5.8,0.355,0.322,0.575,0.537,13.6,23.4,74.8,0.256,0,2
424,2008,6.0,New Orleans Hornets,56.0,26.0,5.28,111.5,105.7,5.8,0.251,0.239,0.548,0.512,11.4,27.0,75.4,0.193,0,2
425,2008,7.0,San Antonio Spurs,56.0,26.0,4.79,107.2,101.8,5.4,0.276,0.251,0.543,0.504,12.6,23.4,77.1,0.21,0,3
426,2008,8.0,Houston Rockets,55.0,27.0,4.68,106.8,101.6,5.2,0.276,0.255,0.528,0.492,13.0,29.1,74.8,0.2,0,1
427,2008,9.0,Phoenix Suns,55.0,27.0,5.05,113.3,108.1,5.2,0.292,0.26,0.59,0.551,13.4,22.4,70.9,0.228,0,1
428,2008,10.0,Dallas Mavericks,51.0,31.0,4.54,111.1,106.1,5.0,0.318,0.215,0.554,0.502,12.3,26.7,75.0,0.259,0,1
429,2008,11.0,Denver Nuggets,50.0,32.0,3.71,110.0,106.3,3.7,0.358,0.228,0.557,0.51,12.9,25.5,72.1,0.269,0,1
430,2008,12.0,Toronto Raptors,41.0,41.0,2.9,110.2,107.0,3.2,0.247,0.217,0.551,0.511,11.4,23.4,75.0,0.2,0,1
431,2008,13.0,Golden State Warriors,48.0,34.0,2.21,111.8,109.5,2.3,0.276,0.295,0.548,0.511,11.5,27.2,70.3,0.208,0,0
432,2008,14.0,Philadelphia 76ers,40.0,42.0,0.41,106.4,106.0,0.4,0.321,0.143,0.522,0.482,13.4,31.8,72.0,0.227,0,1
433,2008,15.0,Washington Wizards,43.0,39.0,-0.33,109.2,109.6,-0.4,0.297,0.241,0.535,0.489,12.5,28.9,72.8,0.233,0,1
434,2008,16.0,Cleveland Cavaliers,45.0,37.0,-0.35,106.0,106.4,-0.4,0.308,0.231,0.52,0.48,13.1,30.4,75.9,0.221,0,2
435,2008,17.0,Portland Trail Blazers,41.0,41.0,-0.98,107.3,108.4,-1.1,0.281,0.218,0.532,0.489,12.6,26.8,71.8,0.216,0,0
436,2008,18.0,Indiana Pacers,36.0,46.0,-1.4,106.0,107.5,-1.5,0.292,0.289,0.54,0.498,13.5,24.4,73.9,0.224,0,0
437,2008,19.0,Atlanta Hawks,37.0,45.0,-1.82,106.9,108.9,-2.0,0.34,0.165,0.535,0.483,14.0,29.7,71.7,0.263,0,1
438,2008,20.0,Sacramento Kings,38.0,44.0,-2.26,107.5,109.9,-2.4,0.346,0.208,0.556,0.503,14.8,25.2,71.7,0.276,0,0
439,2008,21.0,Chicago Bulls,33.0,49.0,-3.09,103.9,107.2,-3.3,0.296,0.19,0.515,0.47,13.4,28.9,73.1,0.223,0,0
440,2008,22.0,Charlotte Bobcats,32.0,50.0,-4.38,104.6,109.4,-4.8,0.323,0.22,0.532,0.492,13.9,25.6,71.0,0.23,0,0
441,2008,23.0,New Jersey Nets,34.0,48.0,-5.06,104.0,109.4,-5.4,0.347,0.222,0.528,0.481,14.2,26.6,73.8,0.255,0,0
442,2008,24.0,Memphis Grizzlies,22.0,60.0,-6.21,105.0,111.4,-6.4,0.311,0.264,0.539,0.5,14.0,23.8,73.4,0.225,0,0
443,2008,25.0,New York Knicks,23.0,59.0,-6.61,104.7,111.9,-7.2,0.31,0.215,0.518,0.475,13.4,28.6,72.7,0.226,0,0
444,2008,26.0,Minnesota Timberwolves,22.0,60.0,-6.78,103.8,111.2,-7.4,0.248,0.185,0.518,0.484,13.6,27.5,73.6,0.183,0,0
445,2008,27.0,Milwaukee Bucks,26.0,56.0,-6.89,105.3,112.8,-7.5,0.294,0.195,0.522,0.482,13.7,30.0,73.0,0.215,0,0
446,2008,28.0,Los Angeles Clippers,23.0,59.0,-7.27,101.2,109.1,-7.9,0.338,0.167,0.519,0.465,13.7,23.1,73.1,0.264,0,0
447,2008,29.0,Seattle SuperSonics,20.0,62.0,-8.76,100.5,109.5,-9.0,0.265,0.134,0.509,0.467,14.3,26.8,73.7,0.204,0,0
448,2008,30.0,Miami Heat,15.0,67.0,-8.65,100.5,110.0,-9.5,0.3,0.217,0.522,0.482,14.4,22.1,71.9,0.218,0,0
450,2009,1.0,Cleveland Cavaliers,66.0,16.0,8.93,112.4,102.4,10.0,0.312,0.259,0.56,0.519,12.5,27.7,74.6,0.236,0,3
451,2009,2.0,Boston Celtics,62.0,20.0,7.51,110.5,102.3,8.2,0.328,0.214,0.571,0.528,15.0,27.9,75.6,0.251,0,2
452,2009,3.0,Los Angeles Lakers,65.0,17.0,7.66,112.8,104.7,8.1,0.299,0.217,0.555,0.513,12.3,29.4,73.0,0.23,1,4
453,2009,4.0,Orlando Magic,59.0,23.0,6.7,109.2,101.9,7.3,0.351,0.335,0.559,0.52,13.4,24.0,75.9,0.251,0,4
454,2009,5.0,Portland Trail Blazers,54.0,28.0,5.34,113.9,107.8,6.1,0.306,0.239,0.553,0.511,12.5,32.6,75.0,0.234,0,0
455,2009,6.0,Houston Rockets,53.0,29.0,4.0,108.4,104.0,4.4,0.292,0.254,0.548,0.501,13.6,26.4,75.3,0.235,0,2
456,2009,7.0,San Antonio Spurs,54.0,28.0,3.76,108.5,104.3,4.2,0.251,0.248,0.548,0.513,11.7,22.1,78.0,0.191,0,1
457,2009,8.0,Denver Nuggets,54.0,28.0,3.41,110.4,106.8,3.6,0.382,0.227,0.563,0.512,14.2,27.5,71.7,0.29,0,3
458,2009,9.0,Utah Jazz,48.0,34.0,2.65,110.1,107.3,2.8,0.355,0.169,0.554,0.504,13.6,28.2,72.7,0.274,0,1
459,2009,10.0,Dallas Mavericks,50.0,32.0,1.98,110.5,108.4,2.1,0.274,0.241,0.55,0.504,12.1,26.6,74.6,0.224,0,2
460,2009,11.0,Phoenix Suns,46.0,36.0,1.93,113.6,111.6,2.0,0.336,0.216,0.584,0.545,14.4,27.7,71.7,0.25,0,0
461,2009,12.0,Atlanta Hawks,47.0,35.0,1.57,109.3,107.6,1.7,0.323,0.253,0.546,0.504,12.5,26.0,71.6,0.238,0,2
462,2009,13.0,New Orleans Hornets,49.0,33.0,1.55,108.7,107.0,1.7,0.288,0.24,0.548,0.501,12.5,24.6,74.9,0.232,0,1
463,2009,14.0,Miami Heat,43.0,39.0,0.26,107.8,107.6,0.2,0.282,0.245,0.54,0.5,12.1,24.6,72.9,0.212,0,1
464,2009,15.0,Philadelphia 76ers,41.0,41.0,0.07,107.9,107.8,0.1,0.339,0.164,0.532,0.485,13.4,31.3,71.4,0.253,0,1
465,2009,16.0,Chicago Bulls,41.0,41.0,-0.28,108.4,108.7,-0.3,0.3,0.189,0.541,0.493,13.3,28.0,70.9,0.239,0,1
466,2009,17.0,Detroit Pistons,39.0,43.0,-0.49,107.4,108.0,-0.6,0.282,0.165,0.524,0.483,11.7,27.9,74.0,0.212,0,1
467,2009,18.0,Indiana Pacers,36.0,46.0,-1.11,108.1,109.2,-1.1,0.267,0.244,0.545,0.501,13.1,25.4,74.5,0.215,0,0
468,2009,19.0,Milwaukee Bucks,34.0,48.0,-1.09,106.7,107.9,-1.2,0.306,0.208,0.531,0.483,13.1,27.8,74.0,0.239,0,0
469,2009,20.0,Charlotte Bobcats,35.0,47.0,-1.27,104.7,106.1,-1.4,0.312,0.213,0.536,0.494,15.1,27.7,73.0,0.231,0,0
470,2009,21.0,New York Knicks,32.0,50.0,-2.61,108.1,110.8,-2.7,0.268,0.322,0.544,0.503,12.9,24.4,72.7,0.21,0,0
471,2009,22.0,New Jersey Nets,34.0,48.0,-2.44,108.3,111.0,-2.7,0.303,0.265,0.543,0.497,12.7,25.2,73.5,0.236,0,0
472,2009,23.0,Toronto Raptors,33.0,49.0,-2.82,107.0,110.0,-3.0,0.279,0.193,0.542,0.494,12.8,24.0,73.7,0.23,0,0
473,2009,24.0,Golden State Warriors,29.0,53.0,-3.74,109.5,113.3,-3.8,0.339,0.209,0.549,0.497,12.9,26.1,68.1,0.268,0,0
474,2009,25.0,Minnesota Timberwolves,24.0,58.0,-4.91,106.1,111.4,-5.3,0.289,0.227,0.526,0.481,13.3,27.7,75.0,0.222,0,0
475,2009,26.0,Memphis Grizzlies,24.0,58.0,-5.46,103.5,109.5,-6.0,0.329,0.175,0.533,0.486,14.8,25.8,73.5,0.249,0,0
476,2009,27.0,Oklahoma City Thunder,23.0,59.0,-6.1,102.9,109.4,-6.5,0.308,0.141,0.521,0.471,14.8,28.6,73.9,0.242,0,0
477,2009,28.0,Washington Wizards,19.0,63.0,-7.46,105.4,113.6,-8.2,0.293,0.18,0.524,0.48,13.2,27.7,71.4,0.224,0,0
478,2009,29.0,Sacramento Kings,17.0,65.0,-8.76,105.5,114.7,-9.2,0.315,0.238,0.542,0.491,14.3,24.5,69.9,0.252,0,0
479,2009,30.0,Los Angeles Clippers,19.0,63.0,-8.77,102.3,111.7,-9.4,0.275,0.226,0.52,0.481,14.0,25.1,71.2,0.202,0,0
481,2010,1.0,Orlando Magic,59.0,23.0,7.49,111.4,103.3,8.1,0.34,0.35,0.573,0.536,13.6,24.6,77.4,0.246,0,3
482,2010,2.0,Cleveland Cavaliers,61.0,21.0,6.52,111.2,104.1,7.1,0.341,0.248,0.57,0.532,13.4,25.1,77.2,0.246,0,2
483,2010,3.0,Utah Jazz,53.0,29.0,5.34,110.7,105.0,5.7,0.34,0.184,0.565,0.524,14.2,26.8,75.6,0.252,0,2
484,2010,4.0,San Antonio Spurs,50.0,32.0,5.09,110.0,104.5,5.5,0.296,0.232,0.552,0.515,12.9,26.8,76.3,0.219,0,2
485,2010,5.0,Atlanta Hawks,53.0,29.0,4.66,111.9,106.7,5.2,0.281,0.214,0.545,0.506,11.4,28.2,72.7,0.213,0,2
486,2010,6.0,Phoenix Suns,54.0,28.0,4.9,115.3,110.2,5.1,0.312,0.261,0.585,0.546,13.6,27.6,70.8,0.24,0,3
487,2010,7.0,Los Angeles Lakers,57.0,25.0,4.72,108.8,103.7,5.1,0.289,0.227,0.538,0.496,12.4,27.6,74.4,0.221,1,4
488,2010,8.0,Denver Nuggets,53.0,29.0,4.09,111.8,107.5,4.3,0.376,0.227,0.561,0.509,12.7,26.1,72.4,0.29,0,1
489,2010,9.0,Boston Celtics,50.0,32.0,3.66,107.7,103.8,3.9,0.332,0.228,0.564,0.522,14.5,22.8,73.8,0.248,0,4
490,2010,10.0,Portland Trail Blazers,50.0,32.0,3.3,110.8,107.1,3.7,0.315,0.215,0.547,0.499,12.1,28.2,74.8,0.249,0,0
491,2010,11.0,Oklahoma City Thunder,50.0,32.0,3.49,108.3,104.6,3.7,0.333,0.185,0.547,0.494,13.9,28.6,73.6,0.268,0,1
492,2010,12.0,Dallas Mavericks,55.0,27.0,2.72,109.2,106.3,2.9,0.277,0.222,0.552,0.506,12.3,24.3,73.7,0.226,0,1
493,2010,13.0,Miami Heat,47.0,35.0,2.28,106.6,104.1,2.5,0.296,0.219,0.537,0.496,12.8,26.1,74.9,0.223,0,1
494,2010,14.0,Milwaukee Bucks,46.0,36.0,1.7,104.9,103.1,1.8,0.239,0.259,0.518,0.482,12.3,26.2,76.4,0.181,0,1
495,2010,15.0,Charlotte Bobcats,44.0,38.0,1.46,104.4,102.8,1.6,0.346,0.211,0.538,0.49,15.1,26.5,74.2,0.26,0,1
496,2010,16.0,Houston Rockets,42.0,40.0,-0.37,107.6,108.0,-0.4,0.292,0.265,0.537,0.494,13.2,26.9,73.8,0.225,0,0
497,2010,17.0,Memphis Grizzlies,40.0,42.0,-1.51,108.3,109.9,-1.6,0.32,0.148,0.536,0.494,13.7,31.3,73.3,0.235,0,0
498,2010,18.0,Chicago Bulls,41.0,41.0,-1.63,103.5,105.3,-1.8,0.287,0.156,0.52,0.477,13.3,26.6,74.8,0.217,0,1
499,2010,19.0,Toronto Raptors,40.0,42.0,-1.78,111.3,113.2,-1.9,0.319,0.211,0.564,0.521,12.7,24.7,72.9,0.244,0,0
500,2010,20.0,New Orleans Hornets,37.0,45.0,-2.46,107.4,110.1,-2.7,0.243,0.23,0.543,0.506,12.7,24.8,73.8,0.189,0,0
501,2010,21.0,Indiana Pacers,32.0,50.0,-3.01,103.7,106.8,-3.1,0.296,0.278,0.536,0.491,13.8,21.6,73.0,0.229,0,0
502,2010,22.0,Golden State Warriors,26.0,56.0,-3.6,108.1,111.7,-3.6,0.294,0.238,0.557,0.514,13.1,20.9,68.5,0.23,0,0
503,2010,23.0,New York Knicks,29.0,53.0,-3.82,107.6,111.6,-4.0,0.256,0.312,0.547,0.509,13.0,23.5,72.1,0.2,0,0
504,2010,24.0,Philadelphia 76ers,27.0,55.0,-3.9,106.1,110.3,-4.2,0.27,0.206,0.534,0.496,13.7,27.6,73.2,0.204,0,0
505,2010,25.0,Sacramento Kings,25.0,57.0,-4.37,105.3,109.9,-4.6,0.286,0.201,0.528,0.491,13.6,27.8,73.5,0.207,0,0
506,2010,26.0,Washington Wizards,26.0,56.0,-4.78,104.2,109.4,-5.2,0.283,0.183,0.524,0.481,13.9,27.6,72.4,0.216,0,0
507,2010,27.0,Detroit Pistons,27.0,55.0,-5.11,105.6,111.4,-5.8,0.303,0.18,0.515,0.474,12.8,30.3,73.4,0.22,0,0
508,2010,28.0,Los Angeles Clippers,29.0,53.0,-6.35,103.3,110.1,-6.8,0.283,0.221,0.529,0.491,14.8,27.1,74.0,0.206,0,0
509,2010,29.0,Minnesota Timberwolves,15.0,67.0,-9.6,101.7,111.6,-9.9,0.278,0.171,0.518,0.478,14.6,26.7,73.6,0.207,0,0
510,2010,30.0,New Jersey Nets,12.0,70.0,-9.12,100.6,110.5,-9.9,0.307,0.181,0.509,0.458,13.7,25.1,71.8,0.24,0,0
512,2011,1.0,Miami Heat,58.0,24.0,7.46,111.7,103.5,8.2,0.363,0.235,0.573,0.524,13.5,25.2,75.5,0.279,0,4
513,2011,2.0,Chicago Bulls,62.0,20.0,7.32,108.3,100.3,8.0,0.305,0.215,0.541,0.501,13.5,29.4,76.2,0.227,0,3
514,2011,3.0,Los Angeles Lakers,57.0,25.0,6.11,111.0,104.3,6.7,0.293,0.22,0.545,0.502,12.3,29.2,72.3,0.228,0,2
515,2011,4.0,San Antonio Spurs,61.0,21.0,5.71,111.8,105.6,6.2,0.299,0.261,0.567,0.527,12.8,24.9,74.6,0.229,0,1
516,2011,5.0,Boston Celtics,56.0,26.0,5.37,106.2,100.3,5.9,0.305,0.18,0.561,0.519,14.5,21.1,74.7,0.235,0,2
517,2011,6.0,Orlando Magic,52.0,30.0,5.46,107.9,102.0,5.9,0.328,0.328,0.554,0.521,14.3,26.1,76.9,0.227,0,1
518,2011,7.0,Denver Nuggets,50.0,32.0,4.76,112.3,107.3,5.0,0.367,0.258,0.574,0.526,13.1,23.9,75.4,0.281,0,1
519,2011,8.0,Dallas Mavericks,57.0,25.0,4.23,109.7,105.0,4.7,0.286,0.274,0.565,0.525,13.6,24.1,74.8,0.222,1,4
520,2011,9.0,Oklahoma City Thunder,55.0,27.0,3.79,111.2,107.2,4.0,0.363,0.212,0.561,0.501,13.1,27.4,73.6,0.299,0,3
521,2011,10.0,Memphis Grizzlies,46.0,36.0,2.34,107.6,105.1,2.5,0.291,0.136,0.534,0.493,13.0,28.9,72.5,0.218,0,2
522,2011,11.0,Houston Rockets,43.0,39.0,2.18,111.3,109.0,2.3,0.299,0.264,0.55,0.503,12.3,27.4,72.7,0.239,0,0
523,2011,12.0,Portland Trail Blazers,48.0,34.0,1.52,108.8,107.1,1.7,0.278,0.228,0.533,0.486,12.6,29.5,72.0,0.224,0,0
524,2011,13.0,Philadelphia 76ers,41.0,41.0,1.5,106.6,105.0,1.6,0.273,0.184,0.535,0.494,12.3,24.6,74.5,0.21,0,1
525,2011,14.0,New Orleans Hornets,46.0,36.0,0.89,106.2,105.2,1.0,0.296,0.192,0.537,0.493,12.8,25.1,76.2,0.226,0,0
526,2011,15.0,New York Knicks,42.0,40.0,0.78,110.9,110.1,0.8,0.304,0.303,0.561,0.513,12.6,24.2,71.9,0.246,0,1
527,2011,16.0,Milwaukee Bucks,35.0,47.0,-0.84,101.6,102.5,-0.9,0.287,0.216,0.511,0.467,13.0,24.7,74.8,0.217,0,0
528,2011,17.0,Phoenix Suns,40.0,42.0,-0.89,109.5,110.4,-0.9,0.283,0.271,0.559,0.522,13.2,23.7,71.6,0.215,0,0
529,2011,18.0,Atlanta Hawks,44.0,38.0,-0.82,106.1,107.0,-0.9,0.269,0.222,0.542,0.501,13.5,23.4,74.6,0.209,0,2
530,2011,19.0,Indiana Pacers,37.0,45.0,-1.07,104.8,106.0,-1.2,0.3,0.244,0.533,0.486,14.1,25.9,74.1,0.235,0,1
531,2011,20.0,Utah Jazz,39.0,43.0,-1.83,108.1,110.1,-2.0,0.313,0.191,0.544,0.498,13.5,27.0,71.7,0.241,0,0
532,2011,21.0,Golden State Warriors,36.0,46.0,-2.33,108.2,110.7,-2.5,0.241,0.248,0.544,0.51,13.3,26.7,69.3,0.183,0,0
533,2011,22.0,Los Angeles Clippers,32.0,50.0,-3.13,105.3,108.7,-3.4,0.332,0.23,0.535,0.496,15.1,28.4,73.2,0.234,0,0
534,2011,23.0,Detroit Pistons,30.0,52.0,-3.6,107.7,111.7,-4.0,0.279,0.189,0.533,0.495,12.5,27.4,72.1,0.206,0,0
535,2011,24.0,Charlotte Bobcats,34.0,48.0,-4.0,103.4,107.8,-4.4,0.314,0.189,0.528,0.482,14.1,25.7,75.2,0.237,0,0
536,2011,25.0,Sacramento Kings,24.0,58.0,-5.34,103.5,109.0,-5.5,0.284,0.183,0.519,0.48,14.4,29.9,74.4,0.208,0,0
537,2011,26.0,New Jersey Nets,24.0,58.0,-6.24,103.1,109.9,-6.8,0.283,0.201,0.517,0.474,13.4,26.1,74.2,0.215,0,0
538,2011,27.0,Toronto Raptors,22.0,60.0,-6.28,106.1,112.9,-6.8,0.293,0.162,0.533,0.491,13.7,28.2,72.0,0.221,0,0
539,2011,28.0,Minnesota Timberwolves,17.0,65.0,-6.63,104.2,111.1,-6.9,0.282,0.223,0.526,0.483,15.1,29.6,73.7,0.217,0,0
540,2011,29.0,Washington Wizards,23.0,59.0,-7.4,102.4,110.2,-7.8,0.29,0.172,0.513,0.471,13.9,28.0,70.5,0.216,0,0
541,2011,30.0,Cleveland Cavaliers,19.0,63.0,-9.01,102.2,111.8,-9.6,0.312,0.224,0.518,0.472,13.4,24.2,73.3,0.233,0,0
543,2012,1.0,Chicago Bulls,50.0,16.0,8.18,107.4,98.3,9.1,0.255,0.205,0.523,0.49,13.2,32.6,74.3,0.184,0,1
544,2012,2.0,San Antonio Spurs,50.0,16.0,7.17,110.9,103.2,7.7,0.261,0.257,0.562,0.528,12.8,25.1,76.0,0.195,0,3
545,2012,3.0,Oklahoma City Thunder,47.0,19.0,6.12,109.8,103.2,6.6,0.334,0.252,0.567,0.516,15.3,27.8,72.1,0.269,0,4
546,2012,4.0,Miami Heat,46.0,20.0,5.98,106.6,100.2,6.4,0.307,0.198,0.549,0.505,14.5,26.6,73.9,0.238,1,4
547,2012,5.0,Philadelphia 76ers,35.0,31.0,4.24,103.9,99.2,4.7,0.217,0.175,0.511,0.48,10.9,24.4,75.2,0.161,0,2
548,2012,6.0,Atlanta Hawks,40.0,26.0,3.44,104.9,101.2,3.7,0.259,0.249,0.535,0.5,13.4,23.9,74.4,0.192,0,1
549,2012,7.0,Indiana Pacers,42.0,24.0,3.3,106.7,103.1,3.6,0.321,0.198,0.526,0.474,13.1,29.2,72.3,0.251,0,2
550,2012,8.0,New York Knicks,36.0,30.0,3.2,104.4,101.0,3.4,0.306,0.288,0.533,0.492,14.9,26.6,73.7,0.227,0,1
551,2012,9.0,Denver Nuggets,38.0,28.0,2.88,109.2,106.2,3.0,0.326,0.243,0.556,0.516,14.1,27.7,74.3,0.239,0,1
552,2012,10.0,Boston Celtics,39.0,27.0,2.52,101.0,98.2,2.8,0.257,0.194,0.535,0.496,14.7,19.7,72.4,0.2,0,3
553,2012,11.0,Los Angeles Clippers,40.0,26.0,2.56,108.5,105.7,2.8,0.287,0.269,0.533,0.502,12.7,29.5,73.2,0.195,0,2
554,2012,12.0,Memphis Grizzlies,41.0,25.0,2.02,104.0,101.8,2.2,0.277,0.157,0.515,0.473,13.6,29.8,72.7,0.211,0,1
555,2012,13.0,Los Angeles Lakers,41.0,25.0,1.42,106.0,104.4,1.6,0.299,0.209,0.534,0.491,14.2,29.1,74.8,0.226,0,2
556,2012,14.0,Dallas Mavericks,36.0,30.0,0.95,103.3,102.3,1.0,0.246,0.271,0.527,0.489,13.4,23.4,74.8,0.19,0,1
557,2012,15.0,Orlando Magic,37.0,29.0,0.79,105.0,104.1,0.9,0.292,0.346,0.533,0.506,14.5,26.5,75.5,0.193,0,1
558,2012,16.0,Utah Jazz,36.0,30.0,0.62,106.8,106.1,0.7,0.302,0.153,0.525,0.481,13.0,30.2,73.8,0.227,0,1
559,2012,17.0,Milwaukee Bucks,31.0,35.0,0.27,105.5,105.2,0.3,0.25,0.224,0.521,0.481,12.9,27.7,70.9,0.194,0,0
560,2012,18.0,Houston Rockets,34.0,32.0,0.23,105.5,105.2,0.3,0.235,0.24,0.529,0.492,13.5,27.5,73.4,0.184,0,0
561,2012,19.0,Phoenix Suns,33.0,33.0,-0.24,106.2,106.5,-0.3,0.257,0.238,0.536,0.499,13.3,25.8,71.7,0.194,0,0
562,2012,20.0,Portland Trail Blazers,28.0,38.0,-0.62,105.7,106.4,-0.7,0.263,0.255,0.531,0.488,13.4,26.3,72.8,0.209,0,0
563,2012,21.0,Minnesota Timberwolves,26.0,40.0,-2.2,104.3,106.6,-2.3,0.306,0.262,0.524,0.477,14.0,27.5,73.0,0.236,0,0
564,2012,22.0,Golden State Warriors,23.0,43.0,-3.41,105.4,109.1,-3.7,0.227,0.248,0.539,0.505,13.3,22.9,69.1,0.175,0,0
565,2012,23.0,Toronto Raptors,23.0,43.0,-3.3,100.8,104.5,-3.7,0.274,0.209,0.518,0.475,14.8,25.9,75.4,0.211,0,0
566,2012,24.0,New Orleans Hornets,21.0,45.0,-3.76,100.9,105.1,-4.2,0.274,0.152,0.517,0.476,15.2,27.5,73.1,0.207,0,0
567,2012,25.0,Washington Wizards,20.0,46.0,-4.8,101.0,106.2,-5.2,0.253,0.196,0.508,0.472,14.2,27.3,70.9,0.184,0,0
568,2012,26.0,Detroit Pistons,25.0,41.0,-4.79,101.0,106.3,-5.3,0.279,0.175,0.51,0.468,15.0,28.1,72.8,0.21,0,0
569,2012,27.0,Sacramento Kings,22.0,44.0,-5.68,103.8,109.8,-6.0,0.268,0.228,0.51,0.472,13.0,29.1,70.5,0.197,0,0
570,2012,28.0,New Jersey Nets,22.0,44.0,-5.98,102.9,109.6,-6.7,0.269,0.278,0.516,0.473,14.3,27.8,70.7,0.209,0,0
571,2012,29.0,Cleveland Cavaliers,21.0,45.0,-7.2,101.1,108.9,-7.8,0.307,0.238,0.505,0.463,14.3,28.9,72.2,0.22,0,0
572,2012,30.0,Charlotte Bobcats,7.0,59.0,-13.91,95.2,110.4,-15.2,0.276,0.169,0.483,0.439,13.9,23.6,70.9,0.206,0,0
574,2013,1.0,Oklahoma City Thunder,60.0,22.0,9.21,112.4,102.6,9.8,0.338,0.244,0.58,0.527,14.4,26.7,73.4,0.28,0,2
575,2013,2.0,Miami Heat,66.0,16.0,7.87,112.3,103.7,8.6,0.297,0.285,0.588,0.552,13.7,22.2,73.0,0.224,1,4
576,2013,3.0,Los Angeles Clippers,56.0,26.0,6.45,110.6,103.6,7.0,0.286,0.265,0.557,0.526,13.9,28.8,73.5,0.203,0,1
577,2013,4.0,San Antonio Spurs,58.0,24.0,6.4,108.3,101.6,6.7,0.258,0.264,0.568,0.531,14.0,20.5,74.9,0.204,0,4
578,2013,5.0,Denver Nuggets,57.0,25.0,5.09,110.4,105.1,5.3,0.308,0.217,0.549,0.515,13.6,31.4,71.8,0.216,0,1
579,2013,6.0,New York Knicks,54.0,28.0,4.23,111.1,106.3,4.8,0.258,0.354,0.55,0.515,11.7,25.6,74.7,0.196,0,2
580,2013,7.0,Memphis Grizzlies,56.0,26.0,4.15,104.9,100.3,4.6,0.261,0.166,0.514,0.472,13.3,31.0,74.3,0.202,0,3
581,2013,8.0,Indiana Pacers,49.0,32.0,4.02,104.3,99.8,4.5,0.293,0.245,0.521,0.479,14.3,30.3,74.6,0.219,0,3
582,2013,9.0,Houston Rockets,45.0,37.0,3.48,109.7,106.1,3.6,0.308,0.349,0.564,0.525,14.9,26.4,75.2,0.232,0,1
583,2013,10.0,Brooklyn Nets,49.0,33.0,1.78,108.2,106.2,2.0,0.299,0.269,0.536,0.498,14.0,30.9,73.7,0.219,0,1
584,2013,11.0,Los Angeles Lakers,45.0,37.0,1.16,107.8,106.6,1.2,0.345,0.303,0.548,0.512,13.9,27.0,74.3,0.239,0,1
585,2013,12.0,Golden State Warriors,47.0,35.0,0.89,106.4,105.5,0.9,0.255,0.239,0.545,0.506,14.0,25.4,75.5,0.201,0,2
586,2013,13.0,Atlanta Hawks,44.0,38.0,0.4,104.8,104.4,0.4,0.244,0.286,0.546,0.517,14.2,22.2,73.6,0.174,0,1
587,2013,14.0,Chicago Bulls,45.0,37.0,0.32,103.5,103.2,0.3,0.259,0.189,0.512,0.47,13.6,29.4,73.6,0.201,0,2
588,2013,15.0,Utah Jazz,43.0,39.0,-0.09,106.7,106.8,-0.1,0.281,0.206,0.533,0.492,13.8,28.8,73.2,0.214,0,0
589,2013,16.0,Boston Celtics,41.0,40.0,-0.22,103.1,103.3,-0.2,0.263,0.215,0.542,0.503,14.1,20.1,73.3,0.204,0,1
590,2013,17.0,Dallas Mavericks,41.0,41.0,-0.6,105.9,106.5,-0.6,0.242,0.236,0.544,0.506,13.0,21.8,73.1,0.192,0,0
591,2013,18.0,Milwaukee Bucks,38.0,44.0,-1.5,103.6,105.2,-1.6,0.236,0.232,0.51,0.476,12.7,27.9,71.3,0.174,0,1
592,2013,19.0,Toronto Raptors,34.0,48.0,-1.48,105.9,107.5,-1.6,0.274,0.249,0.532,0.488,13.0,25.5,73.4,0.216,0,0
593,2013,20.0,Minnesota Timberwolves,31.0,51.0,-2.37,102.9,105.4,-2.5,0.305,0.22,0.516,0.473,13.8,27.4,74.0,0.226,0,0
594,2013,21.0,Washington Wizards,29.0,53.0,-2.54,100.2,103.0,-2.8,0.261,0.223,0.512,0.475,14.2,24.6,74.6,0.191,0,0
595,2013,22.0,Portland Trail Blazers,33.0,49.0,-3.17,105.8,109.2,-3.4,0.25,0.284,0.536,0.498,13.9,25.3,73.3,0.194,0,0
596,2013,23.0,Philadelphia 76ers,34.0,48.0,-3.34,102.0,105.7,-3.7,0.2,0.209,0.509,0.481,12.5,24.9,73.4,0.146,0,0
597,2013,24.0,Detroit Pistons,29.0,53.0,-3.99,103.8,108.1,-4.3,0.282,0.217,0.521,0.487,14.3,28.3,73.0,0.197,0,0
598,2013,25.0,New Orleans Hornets,27.0,55.0,-3.87,105.7,110.1,-4.4,0.248,0.224,0.528,0.489,14.0,29.2,74.4,0.193,0,0
599,2013,26.0,Cleveland Cavaliers,24.0,58.0,-4.68,104.3,109.4,-5.1,0.265,0.229,0.514,0.473,13.0,28.1,72.6,0.2,0,0
600,2013,27.0,Sacramento Kings,28.0,54.0,-4.88,106.2,111.4,-5.2,0.271,0.243,0.532,0.491,13.4,26.6,71.0,0.208,0,0
601,2013,28.0,Phoenix Suns,25.0,57.0,-6.46,101.2,108.1,-6.9,0.234,0.21,0.512,0.477,14.3,27.0,71.9,0.174,0,0
602,2013,29.0,Orlando Magic,20.0,62.0,-6.99,101.6,109.1,-7.5,0.197,0.223,0.514,0.485,13.7,25.4,74.6,0.149,0,0
603,2013,30.0,Charlotte Bobcats,21.0,61.0,-9.23,101.5,111.5,-10.0,0.31,0.21,0.507,0.46,13.2,25.7,71.1,0.233,0,0
605,2014,1.0,San Antonio Spurs,62.0,20.0,7.72,110.5,102.4,8.1,0.24,0.257,0.571,0.537,13.5,22.7,76.4,0.188,1,4
606,2014,2.0,Los Angeles Clippers,57.0,25.0,6.98,112.1,104.8,7.3,0.353,0.291,0.567,0.526,12.7,25.0,72.5,0.258,0,2
607,2014,3.0,Oklahoma City Thunder,59.0,23.0,6.34,110.5,103.9,6.6,0.303,0.271,0.566,0.52,14.0,26.5,75.6,0.244,0,3
608,2014,4.0,Miami Heat,54.0,28.0,4.76,110.9,105.8,5.1,0.3,0.292,0.59,0.554,14.6,20.6,73.0,0.228,0,4
609,2014,5.0,Golden State Warriors,51.0,31.0,4.8,107.5,102.6,4.9,0.247,0.291,0.55,0.517,13.8,25.1,76.3,0.186,0,1
610,2014,6.0,Indiana Pacers,56.0,26.0,4.4,104.1,99.3,4.8,0.29,0.235,0.535,0.49,14.3,24.9,76.8,0.226,0,3
611,2014,7.0,Houston Rockets,54.0,28.0,4.56,111.0,106.3,4.7,0.386,0.33,0.571,0.531,14.6,27.4,74.1,0.275,0,1
612,2014,8.0,Portland Trail Blazers,54.0,28.0,3.99,111.5,107.4,4.1,0.27,0.29,0.548,0.504,12.4,28.0,74.7,0.22,0,0
613,2014,9.0,Toronto Raptors,48.0,34.0,3.24,108.8,105.3,3.5,0.306,0.285,0.545,0.498,13.2,27.2,74.9,0.239,0,1
614,2014,10.0,Phoenix Suns,48.0,34.0,2.63,109.5,106.7,2.8,0.293,0.3,0.558,0.519,14.0,26.4,73.7,0.222,0,0
615,2014,11.0,Minnesota Timberwolves,40.0,42.0,2.67,108.9,106.2,2.7,0.321,0.245,0.535,0.486,12.2,27.4,74.4,0.249,0,0
616,2014,12.0,Dallas Mavericks,49.0,33.0,2.4,111.2,108.7,2.5,0.253,0.274,0.564,0.526,12.7,24.6,72.7,0.201,0,1
617,2014,13.0,Chicago Bulls,48.0,34.0,1.85,102.5,100.5,2.0,0.29,0.222,0.518,0.471,14.2,27.2,75.4,0.226,0,1
618,2014,14.0,Memphis Grizzlies,50.0,32.0,1.57,106.3,104.6,1.7,0.248,0.171,0.529,0.494,13.1,28.3,75.7,0.184,0,1
619,2014,15.0,Washington Wizards,44.0,38.0,1.27,106.0,104.6,1.4,0.248,0.246,0.538,0.506,13.6,25.2,75.7,0.181,0,2
620,2014,16.0,Charlotte Bobcats,43.0,39.0,-0.22,103.6,103.8,-0.2,0.297,0.219,0.522,0.481,11.7,21.9,77.6,0.219,0,0
621,2014,17.0,Atlanta Hawks,38.0,44.0,-0.48,105.9,106.4,-0.5,0.266,0.316,0.554,0.515,14.3,21.0,74.4,0.208,0,1
622,2014,18.0,New York Knicks,37.0,45.0,-0.79,108.3,109.1,-0.8,0.248,0.302,0.541,0.505,12.5,25.1,74.3,0.189,0,0
623,2014,19.0,Brooklyn Nets,44.0,38.0,-1.0,106.7,107.7,-1.0,0.313,0.301,0.555,0.514,14.1,21.7,72.3,0.236,0,2
624,2014,20.0,Denver Nuggets,36.0,46.0,-2.15,106.0,108.2,-2.2,0.306,0.278,0.536,0.497,14.0,27.5,74.5,0.222,0,0
625,2014,21.0,New Orleans Pelicans,34.0,48.0,-2.71,107.2,110.1,-2.9,0.286,0.193,0.537,0.495,12.9,26.9,73.8,0.22,0,0
626,2014,22.0,Sacramento Kings,28.0,54.0,-2.9,105.7,108.8,-3.1,0.331,0.218,0.532,0.484,13.9,27.8,76.6,0.251,0,0
627,2014,23.0,Cleveland Cavaliers,33.0,49.0,-3.29,104.2,107.7,-3.5,0.268,0.236,0.518,0.479,13.0,27.2,75.8,0.201,0,0
628,2014,24.0,Detroit Pistons,29.0,53.0,-3.66,105.9,109.7,-3.8,0.296,0.222,0.514,0.482,12.9,31.4,73.4,0.199,0,0
629,2014,25.0,Boston Celtics,25.0,57.0,-4.46,102.9,107.7,-4.8,0.248,0.251,0.517,0.477,14.2,27.4,74.2,0.193,0,0
630,2014,26.0,Orlando Magic,23.0,59.0,-5.44,101.7,107.4,-5.7,0.253,0.235,0.525,0.487,13.9,22.4,75.5,0.193,0,0
631,2014,27.0,Los Angeles Lakers,27.0,55.0,-6.29,104.2,110.6,-6.4,0.263,0.291,0.542,0.505,13.7,20.2,71.0,0.199,0,0
632,2014,28.0,Utah Jazz,25.0,57.0,-7.17,103.5,111.3,-7.8,0.271,0.237,0.523,0.484,13.9,25.5,74.5,0.202,0,0
633,2014,29.0,Milwaukee Bucks,15.0,67.0,-8.18,103.0,111.8,-8.8,0.274,0.231,0.519,0.479,14.1,27.1,71.4,0.204,0,0
634,2014,30.0,Philadelphia 76ers,19.0,63.0,-10.45,99.4,109.9,-10.5,0.268,0.258,0.51,0.475,14.8,24.8,72.4,0.19,0,0
636,2015,1.0,Golden State Warriors,67.0,15.0,10.1,111.6,101.4,10.2,0.239,0.311,0.571,0.54,13.1,24.1,74.5,0.184,1,4
637,2015,2.0,Los Angeles Clippers,56.0,26.0,6.59,112.4,105.5,6.9,0.303,0.322,0.565,0.533,11.6,22.8,75.7,0.215,0,2
638,2015,3.0,San Antonio Spurs,55.0,27.0,6.2,108.5,102.0,6.5,0.256,0.269,0.555,0.517,13.1,23.4,77.3,0.2,0,1
639,2015,4.0,Atlanta Hawks,60.0,22.0,5.43,108.9,103.1,5.8,0.259,0.321,0.563,0.527,13.5,21.4,73.4,0.201,0,3
640,2015,5.0,Cleveland Cavaliers,53.0,29.0,4.48,111.1,106.3,4.8,0.287,0.334,0.557,0.52,13.4,26.8,74.7,0.216,0,4
641,2015,6.0,Portland Trail Blazers,51.0,31.0,4.23,108.2,103.7,4.5,0.225,0.316,0.544,0.508,12.6,24.2,76.2,0.18,0,0
642,2015,7.0,Houston Rockets,56.0,26.0,3.44,107.0,103.4,3.6,0.312,0.392,0.548,0.512,15.0,26.8,72.9,0.223,0,3
643,2015,8.0,Memphis Grizzlies,55.0,27.0,3.24,105.7,102.2,3.5,0.276,0.184,0.531,0.489,12.6,24.7,75.3,0.214,0,2
644,2015,9.0,Toronto Raptors,49.0,33.0,3.07,111.0,107.7,3.3,0.295,0.302,0.553,0.508,12.0,25.6,73.3,0.232,0,1
645,2015,10.0,Chicago Bulls,50.0,32.0,3.0,107.5,104.3,3.2,0.304,0.269,0.536,0.489,12.9,27.0,74.4,0.238,0,2
646,2015,11.0,Dallas Mavericks,50.0,32.0,2.9,109.5,106.4,3.1,0.262,0.296,0.55,0.515,11.9,23.6,72.2,0.197,0,1
647,2015,12.0,Oklahoma City Thunder,45.0,37.0,2.18,107.8,105.5,2.3,0.284,0.262,0.532,0.492,13.1,28.9,75.6,0.214,0,0
648,2015,13.0,New Orleans Pelicans,45.0,37.0,0.79,108.2,107.3,0.9,0.263,0.233,0.537,0.501,12.5,27.1,75.1,0.198,0,1
649,2015,14.0,Washington Wizards,46.0,36.0,0.72,103.7,103.0,0.7,0.259,0.203,0.534,0.499,14.0,24.9,77.3,0.192,0,2
650,2015,15.0,Milwaukee Bucks,41.0,41.0,0.43,102.7,102.2,0.5,0.258,0.223,0.536,0.499,15.5,25.4,73.3,0.195,0,1
651,2015,16.0,Indiana Pacers,38.0,44.0,0.28,103.5,103.2,0.3,0.266,0.255,0.523,0.484,13.1,24.0,77.9,0.201,0,0
652,2015,17.0,Utah Jazz,38.0,44.0,0.22,105.1,104.9,0.2,0.297,0.274,0.531,0.494,14.6,29.1,76.3,0.214,0,0
653,2015,18.0,Boston Celtics,40.0,42.0,0.16,104.7,104.5,0.2,0.233,0.28,0.523,0.489,12.5,24.7,75.0,0.176,0,1
654,2015,19.0,Phoenix Suns,39.0,43.0,-0.9,105.3,106.2,-0.9,0.251,0.291,0.537,0.501,13.7,24.5,73.5,0.191,0,0
655,2015,20.0,Detroit Pistons,32.0,50.0,-1.0,105.3,106.4,-1.1,0.261,0.29,0.515,0.482,12.3,27.7,75.0,0.184,0,0
656,2015,21.0,Miami Heat,37.0,45.0,-2.6,103.9,106.7,-2.8,0.306,0.262,0.54,0.5,14.5,23.2,73.4,0.227,0,0
657,2015,22.0,Brooklyn Nets,38.0,44.0,-2.88,104.4,107.4,-3.0,0.267,0.24,0.529,0.491,13.0,23.9,73.7,0.2,0,1
658,2015,23.0,Charlotte Hornets,33.0,49.0,-3.17,100.1,103.5,-3.4,0.269,0.226,0.498,0.456,11.2,22.1,79.3,0.202,0,0
659,2015,24.0,Denver Nuggets,30.0,52.0,-3.55,104.5,108.2,-3.7,0.278,0.284,0.518,0.479,12.7,26.6,74.7,0.204,0,0
660,2015,25.0,Sacramento Kings,29.0,53.0,-3.71,105.3,109.2,-3.9,0.363,0.204,0.542,0.49,14.8,26.5,75.2,0.276,0,0
661,2015,26.0,Orlando Magic,25.0,57.0,-5.72,101.6,107.7,-6.1,0.23,0.235,0.524,0.494,14.0,23.1,76.0,0.168,0,0
662,2015,27.0,Los Angeles Lakers,21.0,61.0,-6.84,103.4,110.6,-7.2,0.276,0.22,0.513,0.473,12.1,25.4,76.3,0.204,0,0
663,2015,28.0,Minnesota Timberwolves,16.0,66.0,-8.79,102.9,112.2,-9.3,0.309,0.179,0.517,0.468,13.7,26.6,71.6,0.24,0,0
664,2015,29.0,Philadelphia 76ers,18.0,64.0,-8.98,95.5,104.8,-9.3,0.288,0.319,0.494,0.459,16.0,25.5,73.0,0.195,0,0
665,2015,30.0,New York Knicks,17.0,65.0,-9.32,99.9,110.0,-10.1,0.234,0.24,0.508,0.47,14.0,24.5,73.1,0.18,0,0
667,2016,1.0,San Antonio Spurs,67.0,15.0,10.63,110.3,99.0,11.3,0.246,0.223,0.564,0.526,12.4,23.0,79.1,0.197,0,2
668,2016,2.0,Golden State Warriors,73.0,9.0,10.76,114.5,103.8,10.7,0.25,0.362,0.593,0.563,13.5,23.5,76.0,0.191,0,4
669,2016,3.0,Oklahoma City Thunder,55.0,27.0,7.28,113.1,105.6,7.5,0.292,0.275,0.565,0.524,14.0,31.1,76.0,0.228,0,3
670,2016,4.0,Cleveland Cavaliers,57.0,25.0,6.0,110.9,104.5,6.4,0.259,0.352,0.558,0.524,12.7,25.1,78.5,0.194,1,4
671,2016,5.0,Toronto Raptors,56.0,26.0,4.5,110.0,105.2,4.8,0.328,0.287,0.552,0.504,12.3,24.6,77.7,0.255,0,3
672,2016,6.0,Los Angeles Clippers,53.0,29.0,4.28,108.3,103.8,4.5,0.318,0.324,0.556,0.524,12.1,20.1,73.8,0.22,0,1
673,2016,7.0,Atlanta Hawks,48.0,34.0,3.61,105.1,101.4,3.7,0.237,0.336,0.552,0.516,13.8,19.1,74.6,0.185,0,2
674,2016,8.0,Boston Celtics,48.0,34.0,3.21,106.8,103.6,3.2,0.264,0.293,0.531,0.488,12.1,25.1,74.6,0.208,0,1
675,2016,9.0,Charlotte Hornets,48.0,34.0,2.72,107.1,104.3,2.8,0.28,0.348,0.545,0.502,11.7,20.0,79.8,0.222,0,1
676,2016,10.0,Utah Jazz,40.0,42.0,1.79,105.9,103.9,2.0,0.286,0.297,0.54,0.501,14.2,25.9,77.7,0.213,0,0
677,2016,11.0,Miami Heat,48.0,34.0,1.65,106.1,104.4,1.7,0.282,0.221,0.545,0.508,13.3,23.8,77.8,0.21,0,2
678,2016,12.0,Indiana Pacers,45.0,37.0,1.71,104.6,102.9,1.7,0.268,0.27,0.536,0.497,13.5,23.4,76.0,0.205,0,1
679,2016,13.0,Portland Trail Blazers,44.0,38.0,0.83,108.8,108.0,0.8,0.268,0.332,0.548,0.511,13.2,25.9,76.2,0.202,0,0
680,2016,14.0,Detroit Pistons,44.0,38.0,0.61,106.1,105.5,0.6,0.296,0.303,0.522,0.491,12.2,27.0,79.3,0.197,0,1
681,2016,15.0,Houston Rockets,41.0,41.0,0.2,108.3,108.1,0.2,0.352,0.37,0.553,0.516,14.2,25.7,72.8,0.244,0,1
682,2016,16.0,Dallas Mavericks,42.0,40.0,-0.3,106.7,107.0,-0.3,0.265,0.339,0.544,0.502,12.0,20.6,76.2,0.211,0,1
683,2016,17.0,Washington Wizards,41.0,41.0,-0.5,105.3,105.8,-0.5,0.263,0.282,0.544,0.511,13.1,20.6,77.7,0.192,0,0
684,2016,18.0,Chicago Bulls,42.0,40.0,-1.48,105.0,106.5,-1.5,0.24,0.244,0.526,0.487,12.6,24.5,74.9,0.189,0,0
685,2016,19.0,Orlando Magic,35.0,47.0,-1.62,105.1,106.8,-1.7,0.232,0.255,0.533,0.5,12.8,23.1,76.5,0.175,0,0
686,2016,20.0,Sacramento Kings,33.0,49.0,-2.48,106.0,108.4,-2.4,0.295,0.26,0.546,0.51,14.2,23.9,74.9,0.214,0,0
687,2016,21.0,Memphis Grizzlies,42.0,40.0,-2.24,105.4,107.8,-2.4,0.295,0.222,0.524,0.477,12.3,25.3,75.1,0.231,0,1
688,2016,22.0,New York Knicks,32.0,50.0,-2.73,104.6,107.6,-3.0,0.255,0.256,0.527,0.483,12.6,23.7,75.8,0.205,0,0
689,2016,23.0,Denver Nuggets,33.0,49.0,-3.1,105.6,108.9,-3.3,0.282,0.277,0.531,0.489,13.2,25.8,77.3,0.216,0,0
690,2016,24.0,Minnesota Timberwolves,29.0,53.0,-3.54,106.5,110.1,-3.6,0.332,0.202,0.549,0.498,13.9,24.3,74.7,0.263,0,0
691,2016,25.0,New Orleans Pelicans,30.0,52.0,-3.79,105.6,109.5,-3.9,0.259,0.277,0.537,0.498,12.3,21.2,78.8,0.201,0,0
692,2016,26.0,Milwaukee Bucks,33.0,49.0,-4.18,104.3,108.7,-4.4,0.276,0.189,0.537,0.499,14.2,24.9,73.1,0.207,0,0
693,2016,27.0,Phoenix Suns,23.0,59.0,-6.66,102.2,109.0,-6.8,0.271,0.302,0.526,0.487,15.2,25.4,77.1,0.204,0,0
694,2016,28.0,Brooklyn Nets,21.0,61.0,-7.35,103.2,110.9,-7.7,0.246,0.218,0.527,0.492,13.6,24.1,75.7,0.186,0,0
695,2016,29.0,Los Angeles Lakers,17.0,65.0,-9.56,101.6,111.6,-10.0,0.292,0.29,0.509,0.46,12.5,23.1,74.7,0.228,0,0
696,2016,30.0,Philadelphia 76ers,10.0,72.0,-10.23,98.8,109.2,-10.4,0.269,0.327,0.519,0.487,14.8,20.6,74.0,0.186,0,0
698,2017,1.0,Golden State Warriors,67.0,15.0,11.63,115.6,104.0,11.6,0.259,0.359,0.597,0.563,13.2,22.8,74.9,0.204,1,4
699,2017,2.0,San Antonio Spurs,61.0,21.0,7.2,111.1,103.5,7.6,0.263,0.281,0.564,0.524,12.6,24.0,77.6,0.21,0,3
700,2017,3.0,Houston Rockets,55.0,27.0,5.77,114.7,109.0,5.7,0.304,0.462,0.583,0.545,13.3,24.6,75.8,0.233,0,2
701,2017,4.0,Toronto Raptors,51.0,31.0,4.21,112.3,107.8,4.5,0.293,0.289,0.561,0.517,11.8,25.0,76.3,0.233,0,2
702,2017,5.0,Los Angeles Clippers,51.0,31.0,4.29,112.7,108.2,4.5,0.312,0.329,0.574,0.537,12.0,21.5,76.9,0.233,0,1
703,2017,6.0,Utah Jazz,51.0,31.0,3.94,109.6,105.3,4.3,0.288,0.327,0.563,0.526,13.2,23.2,78.9,0.215,0,2
704,2017,7.0,Cleveland Cavaliers,51.0,31.0,3.18,113.6,110.3,3.3,0.275,0.399,0.58,0.547,12.6,21.9,75.8,0.206,0,4
705,2017,8.0,Boston Celtics,53.0,29.0,2.63,111.2,108.4,2.8,0.273,0.393,0.567,0.525,12.2,21.2,75.3,0.22,0,3
706,2017,9.0,Washington Wizards,49.0,33.0,1.8,111.2,109.3,1.9,0.254,0.284,0.564,0.528,12.8,24.1,75.5,0.199,0,2
707,2017,10.0,Miami Heat,41.0,41.0,1.06,107.8,106.7,1.1,0.251,0.314,0.541,0.512,12.4,24.2,76.4,0.177,0,0
708,2017,11.0,Oklahoma City Thunder,47.0,35.0,0.76,108.3,107.5,0.8,0.295,0.295,0.54,0.5,13.2,27.9,79.0,0.22,0,1
709,2017,12.0,Memphis Grizzlies,43.0,39.0,0.49,107.7,107.1,0.6,0.28,0.316,0.535,0.491,12.1,24.8,77.5,0.219,0,1
710,2017,13.0,Denver Nuggets,40.0,42.0,0.51,113.2,112.7,0.5,0.276,0.329,0.568,0.53,13.2,27.3,78.7,0.214,0,0
711,2017,14.0,Chicago Bulls,41.0,41.0,0.43,107.4,107.0,0.4,0.259,0.256,0.53,0.487,12.3,27.0,76.8,0.206,0,1
712,2017,15.0,Charlotte Hornets,36.0,46.0,0.2,108.8,108.6,0.2,0.279,0.335,0.547,0.501,10.7,19.9,79.6,0.227,0,0
713,2017,16.0,Indiana Pacers,42.0,40.0,-0.22,108.6,108.8,-0.2,0.261,0.272,0.558,0.516,12.8,21.2,75.5,0.212,0,1
714,2017,17.0,Milwaukee Bucks,42.0,40.0,-0.18,109.1,109.3,-0.2,0.274,0.29,0.565,0.527,13.2,21.5,75.4,0.21,0,1
715,2017,18.0,Portland Trail Blazers,41.0,41.0,-0.52,110.3,110.8,-0.5,0.275,0.322,0.559,0.52,12.5,23.0,76.8,0.214,0,0
716,2017,19.0,Atlanta Hawks,43.0,39.0,-0.85,104.9,105.7,-0.8,0.295,0.309,0.541,0.504,14.2,23.6,76.1,0.215,0,1
717,2017,20.0,Detroit Pistons,37.0,45.0,-1.12,106.0,107.1,-1.1,0.218,0.263,0.521,0.492,10.9,24.1,81.2,0.157,0,0
718,2017,21.0,Minnesota Timberwolves,31.0,51.0,-1.11,110.8,112.0,-1.2,0.287,0.249,0.555,0.511,12.9,27.2,75.9,0.229,0,0
719,2017,22.0,New Orleans Pelicans,34.0,48.0,-2.1,105.2,107.4,-2.2,0.256,0.308,0.539,0.504,11.7,18.5,76.8,0.192,0,0
720,2017,23.0,Dallas Mavericks,33.0,49.0,-2.93,105.6,108.8,-3.2,0.225,0.366,0.541,0.505,11.6,18.1,77.6,0.18,0,0
721,2017,24.0,New York Knicks,31.0,51.0,-3.67,107.7,111.5,-3.8,0.239,0.279,0.534,0.496,12.4,26.6,74.1,0.188,0,0
722,2017,25.0,Sacramento Kings,32.0,50.0,-3.88,107.3,111.3,-4.0,0.284,0.291,0.556,0.516,13.7,21.0,76.3,0.22,0,0
723,2017,26.0,Phoenix Suns,24.0,58.0,-5.63,106.6,112.2,-5.6,0.297,0.255,0.538,0.493,13.4,26.0,76.4,0.231,0,0
724,2017,27.0,Philadelphia 76ers,28.0,54.0,-5.7,103.2,108.9,-5.7,0.258,0.349,0.539,0.501,14.9,22.4,75.3,0.199,0,0
725,2017,28.0,Brooklyn Nets,20.0,62.0,-6.73,104.1,110.7,-6.6,0.289,0.371,0.551,0.507,14.7,19.6,76.1,0.228,0,0
726,2017,29.0,Orlando Magic,29.0,53.0,-6.57,103.7,110.5,-6.8,0.246,0.3,0.524,0.489,12.1,21.6,77.4,0.184,0,0
727,2017,30.0,Los Angeles Lakers,26.0,56.0,-6.88,106.0,113.0,-7.0,0.259,0.295,0.537,0.501,13.5,25.0,75.8,0.195,0,0
729,2018,1.0,Houston Rockets,65.0,17.0,8.48,114.7,106.1,8.6,0.298,0.502,0.59,0.551,12.7,21.3,79.9,0.233,0,3
730,2018,2.0,Toronto Raptors,59.0,23.0,7.78,113.8,105.9,7.9,0.25,0.377,0.575,0.539,12.1,23.0,77.7,0.198,0,2
731,2018,3.0,Golden State Warriors,58.0,24.0,5.98,113.6,107.6,6.0,0.239,0.339,0.603,0.569,14.1,21.0,76.3,0.195,1,4
732,2018,4.0,Utah Jazz,48.0,34.0,4.3,108.4,103.9,4.5,0.26,0.357,0.564,0.527,13.7,21.5,79.8,0.202,0,2
733,2018,5.0,Philadelphia 76ers,52.0,30.0,4.5,109.5,105.0,4.5,0.263,0.344,0.568,0.535,14.6,25.3,78.6,0.198,0,2
734,2018,6.0,Boston Celtics,55.0,27.0,3.59,107.6,103.9,3.7,0.243,0.357,0.552,0.518,13.0,21.5,78.4,0.188,0,3
735,2018,7.0,Oklahoma City Thunder,48.0,34.0,3.41,110.7,107.2,3.5,0.275,0.345,0.546,0.514,12.4,27.7,77.4,0.197,0,1
736,2018,8.0,San Antonio Spurs,47.0,35.0,2.89,107.9,104.8,3.1,0.245,0.282,0.543,0.507,12.2,23.7,78.6,0.189,0,1
737,2018,9.0,Portland Trail Blazers,49.0,33.0,2.6,109.1,106.4,2.7,0.24,0.324,0.549,0.511,12.3,23.3,79.1,0.192,0,0
738,2018,10.0,Minnesota Timberwolves,47.0,35.0,2.23,113.4,111.1,2.3,0.28,0.261,0.566,0.523,11.4,24.4,76.4,0.225,0,1
739,2018,11.0,Denver Nuggets,46.0,36.0,1.48,112.5,111.0,1.5,0.258,0.357,0.57,0.536,13.4,25.7,77.5,0.198,0,0
740,2018,12.0,Indiana Pacers,48.0,34.0,1.38,109.5,108.1,1.4,0.222,0.284,0.557,0.525,12.3,22.7,76.2,0.173,0,1
741,2018,13.0,New Orleans Pelicans,48.0,34.0,1.3,109.6,108.3,1.3,0.237,0.319,0.573,0.541,13.3,20.0,76.7,0.183,0,2
742,2018,14.0,Cleveland Cavaliers,50.0,32.0,0.94,112.9,111.9,1.0,0.275,0.379,0.584,0.547,12.6,20.1,77.3,0.214,0,4
743,2018,15.0,Washington Wizards,43.0,39.0,0.59,109.3,108.7,0.6,0.254,0.31,0.56,0.525,13.3,23.5,77.1,0.196,0,1
744,2018,16.0,Miami Heat,44.0,38.0,0.48,106.8,106.3,0.5,0.229,0.358,0.551,0.52,13.3,21.5,79.0,0.173,0,1
745,2018,17.0,Charlotte Hornets,36.0,46.0,0.26,109.4,109.1,0.3,0.312,0.314,0.549,0.508,11.4,22.2,80.7,0.233,0,0
746,2018,18.0,Los Angeles Clippers,42.0,40.0,0.04,110.3,110.2,0.1,0.299,0.314,0.564,0.527,13.2,23.5,76.1,0.222,0,0
747,2018,19.0,Detroit Pistons,39.0,43.0,-0.15,107.2,107.3,-0.1,0.227,0.333,0.543,0.512,12.3,22.7,78.5,0.169,0,0
748,2018,20.0,Milwaukee Bucks,44.0,38.0,-0.3,109.8,110.1,-0.3,0.281,0.297,0.571,0.531,12.9,20.4,75.9,0.22,0,1
749,2018,21.0,Los Angeles Lakers,35.0,47.0,-1.55,106.5,108.0,-1.5,0.264,0.329,0.548,0.517,13.8,23.6,77.7,0.188,0,0
750,2018,22.0,Dallas Mavericks,24.0,58.0,-3.04,106.3,109.5,-3.2,0.217,0.382,0.544,0.513,11.6,18.0,78.9,0.166,0,0
751,2018,23.0,New York Knicks,29.0,53.0,-3.56,107.1,110.7,-3.6,0.216,0.266,0.544,0.51,13.3,24.1,76.7,0.17,0,0
752,2018,24.0,Brooklyn Nets,28.0,54.0,-3.74,106.9,110.6,-3.7,0.26,0.411,0.551,0.514,13.6,21.0,77.0,0.201,0,0
753,2018,25.0,Orlando Magic,25.0,57.0,-4.82,105.2,110.1,-4.9,0.238,0.342,0.545,0.512,13.3,20.0,75.6,0.18,0,0
754,2018,26.0,Atlanta Hawks,24.0,58.0,-5.45,105.0,110.6,-5.6,0.236,0.363,0.547,0.512,14.1,21.1,76.2,0.185,0,0
755,2018,27.0,Memphis Grizzlies,22.0,60.0,-6.21,104.5,111.0,-6.5,0.255,0.317,0.539,0.5,14.0,22.4,76.5,0.201,0,0
756,2018,28.0,Chicago Bulls,27.0,55.0,-7.04,103.8,110.9,-7.1,0.216,0.35,0.529,0.497,12.6,20.6,80.6,0.164,0,0
757,2018,29.0,Sacramento Kings,27.0,55.0,-6.99,103.7,111.1,-7.4,0.194,0.278,0.529,0.502,12.8,21.5,77.6,0.143,0,0
758,2018,30.0,Phoenix Suns,21.0,61.0,-9.37,103.5,112.8,-9.3,0.275,0.32,0.532,0.495,13.9,22.5,76.5,0.203,0,0
760,2019,1.0,Milwaukee Bucks,60.0,22.0,8.87,113.8,105.2,8.6,0.255,0.419,0.583,0.55,12.0,20.8,80.3,0.197,0,3
761,2019,2.0,Golden State Warriors,57.0,25.0,6.46,115.9,109.5,6.4,0.227,0.384,0.596,0.565,12.6,22.5,77.1,0.182,0,4
762,2019,3.0,Toronto Raptors,58.0,24.0,6.09,113.1,107.1,6.0,0.247,0.379,0.579,0.543,12.4,21.9,77.1,0.198,1,4
763,2019,4.0,Utah Jazz,50.0,32.0,5.26,110.9,105.7,5.2,0.295,0.394,0.572,0.538,13.4,22.9,80.3,0.217,0,1
764,2019,5.0,Houston Rockets,53.0,29.0,4.77,115.5,110.7,4.8,0.279,0.519,0.581,0.542,12.0,22.8,74.4,0.221,0,2
765,2019,6.0,Boston Celtics,49.0,33.0,4.44,112.2,107.8,4.4,0.215,0.381,0.567,0.534,11.5,21.6,77.0,0.173,0,2
766,2019,7.0,Portland Trail Blazers,53.0,29.0,4.2,114.7,110.5,4.2,0.258,0.339,0.568,0.528,12.1,26.6,77.9,0.21,0,0
767,2019,8.0,Denver Nuggets,54.0,28.0,3.95,113.0,108.9,4.1,0.232,0.348,0.558,0.527,11.9,26.6,78.0,0.175,0,2
768,2019,9.0,Indiana Pacers,48.0,34.0,3.33,109.9,106.5,3.4,0.242,0.292,0.561,0.53,12.4,21.9,76.2,0.182,0,1
769,2019,10.0,Oklahoma City Thunder,49.0,33.0,3.4,110.3,107.0,3.3,0.266,0.347,0.545,0.514,11.7,26.0,78.2,0.19,0,1
770,2019,11.0,Philadelphia 76ers,51.0,31.0,2.7,112.6,110.0,2.6,0.312,0.342,0.574,0.532,12.9,24.5,78.6,0.241,0,2
771,2019,12.0,San Antonio Spurs,48.0,34.0,1.68,112.9,111.2,1.7,0.237,0.286,0.572,0.534,11.0,21.0,79.4,0.194,0,1
772,2019,13.0,Los Angeles Clippers,48.0,34.0,0.85,112.4,111.5,0.9,0.326,0.295,0.575,0.529,12.7,22.0,76.0,0.258,0,1
773,2019,14.0,Orlando Magic,42.0,40.0,0.71,108.9,108.1,0.8,0.216,0.36,0.55,0.518,11.9,22.0,79.7,0.168,0,1
774,2019,15.0,Brooklyn Nets,42.0,40.0,-0.07,109.6,109.7,-0.1,0.284,0.403,0.556,0.52,13.0,23.8,76.4,0.211,0,1
775,2019,16.0,Detroit Pistons,41.0,41.0,-0.24,109.0,109.2,-0.2,0.262,0.394,0.544,0.509,12.3,24.8,78.7,0.195,0,1
776,2019,17.0,Miami Heat,39.0,43.0,-0.23,107.3,107.6,-0.3,0.247,0.368,0.542,0.515,13.1,24.8,77.6,0.172,0,0
777,2019,18.0,Sacramento Kings,39.0,43.0,-1.12,110.4,111.5,-1.1,0.244,0.321,0.554,0.524,11.5,23.1,75.5,0.177,0,0
778,2019,19.0,Charlotte Hornets,39.0,43.0,-1.1,111.4,112.5,-1.1,0.257,0.378,0.554,0.514,10.9,21.7,77.1,0.205,0,0
779,2019,20.0,New Orleans Pelicans,33.0,49.0,-1.33,111.4,112.6,-1.2,0.254,0.324,0.563,0.529,12.6,24.1,76.8,0.193,0,0
780,2019,21.0,Dallas Mavericks,33.0,49.0,-1.28,109.4,110.7,-1.3,0.291,0.422,0.555,0.519,12.7,22.7,77.5,0.216,0,0
781,2019,22.0,Minnesota Timberwolves,36.0,46.0,-1.5,111.4,112.9,-1.5,0.267,0.315,0.552,0.511,11.4,24.6,74.9,0.21,0,0
782,2019,23.0,Los Angeles Lakers,37.0,45.0,-1.72,107.8,109.5,-1.7,0.257,0.342,0.554,0.527,13.4,22.2,76.4,0.18,0,0
783,2019,24.0,Memphis Grizzlies,33.0,49.0,-2.6,106.1,108.8,-2.7,0.272,0.342,0.548,0.508,12.9,20.0,77.6,0.21,0,0
784,2019,25.0,Washington Wizards,32.0,50.0,-2.9,111.1,113.9,-2.8,0.266,0.37,0.567,0.531,12.3,21.3,74.1,0.204,0,0
785,2019,26.0,Atlanta Hawks,29.0,53.0,-6.02,108.1,113.9,-5.8,0.255,0.403,0.555,0.522,14.3,24.7,76.4,0.192,0,0
786,2019,27.0,Chicago Bulls,22.0,60.0,-8.41,104.8,113.2,-8.4,0.235,0.295,0.541,0.505,12.7,19.4,77.3,0.184,0,0
787,2019,28.0,New York Knicks,17.0,65.0,-9.21,104.5,113.7,-9.2,0.27,0.334,0.529,0.49,12.4,22.1,76.1,0.205,0,0
788,2019,29.0,Phoenix Suns,19.0,63.0,-9.34,105.9,115.1,-9.2,0.259,0.335,0.552,0.514,13.8,20.5,72.5,0.202,0,0
789,2019,30.0,Cleveland Cavaliers,19.0,63.0,-9.61,107.7,117.6,-9.9,0.236,0.332,0.54,0.503,12.2,23.7,77.0,0.187,0,0
791,2020,1.0,Milwaukee Bucks,56.0,17.0,10.08,112.4,102.9,9.5,0.271,0.428,0.583,0.552,12.9,20.7,81.6,0.201,0,2
792,2020,2.0,Boston Celtics,48.0,24.0,6.31,113.3,107.0,6.3,0.259,0.386,0.57,0.531,12.2,23.9,77.4,0.207,0,3
793,2020,3.0,Los Angeles Clippers,49.0,23.0,6.44,113.9,107.6,6.3,0.295,0.375,0.577,0.535,12.6,23.5,77.6,0.233,0,2
794,2020,4.0,Toronto Raptors,53.0,19.0,6.24,111.1,105.0,6.1,0.264,0.421,0.574,0.536,13.1,21.3,76.7,0.21,0,2
795,2020,5.0,Los Angeles Lakers,52.0,19.0,5.79,112.0,106.3,5.7,0.276,0.358,0.573,0.542,13.3,24.5,78.8,0.201,1,4
796,2020,6.0,Dallas Mavericks,43.0,32.0,4.95,116.7,111.7,5.0,0.264,0.457,0.581,0.545,11.2,23.2,77.7,0.206,0,1
797,2020,7.0,Miami Heat,44.0,29.0,2.95,112.5,109.5,3.0,0.299,0.419,0.587,0.547,13.5,20.3,79.5,0.234,0,4
798,2020,8.0,Houston Rockets,44.0,28.0,2.96,112.9,110.1,2.8,0.288,0.501,0.578,0.537,12.6,21.0,75.6,0.228,0,2
799,2020,9.0,Utah Jazz,44.0,28.0,2.47,112.3,109.9,2.4,0.268,0.414,0.585,0.549,13.7,21.6,78.9,0.208,0,1
800,2020,10.0,Philadelphia 76ers,43.0,30.0,2.38,111.3,109.0,2.3,0.255,0.36,0.566,0.534,12.7,23.9,80.3,0.193,0,1
801,2020,11.0,Denver Nuggets,46.0,27.0,2.11,113.1,111.0,2.1,0.235,0.344,0.567,0.535,12.3,24.8,76.8,0.183,0,3
802,2020,12.0,Indiana Pacers,45.0,28.0,1.96,110.0,108.0,2.0,0.216,0.317,0.565,0.534,12.0,20.0,76.7,0.17,0,1
803,2020,13.0,Oklahoma City Thunder,44.0,28.0,1.99,110.8,108.8,2.0,0.29,0.353,0.573,0.53,12.4,19.3,76.8,0.231,0,1
804,2020,14.0,Phoenix Suns,34.0,39.0,0.22,111.7,111.4,0.3,0.271,0.361,0.576,0.532,13.0,22.2,78.8,0.226,0,0
805,2020,15.0,Brooklyn Nets,35.0,37.0,-0.57,108.9,109.5,-0.6,0.267,0.423,0.554,0.52,13.1,23.2,77.8,0.199,0,1
806,2020,16.0,Orlando Magic,33.0,40.0,-1.01,108.5,109.5,-1.0,0.256,0.364,0.544,0.506,11.5,22.3,79.1,0.198,0,1
807,2020,17.0,San Antonio Spurs,32.0,39.0,-1.11,112.4,113.5,-1.1,0.262,0.318,0.572,0.531,11.2,20.1,79.2,0.212,0,0
808,2020,18.0,Memphis Grizzlies,34.0,39.0,-1.07,109.2,110.3,-1.1,0.24,0.346,0.561,0.528,13.2,23.0,77.8,0.183,0,0
809,2020,19.0,Portland Trail Blazers,35.0,39.0,-1.15,113.7,114.8,-1.1,0.242,0.374,0.57,0.533,11.2,22.4,75.3,0.194,0,0
810,2020,20.0,New Orleans Pelicans,30.0,42.0,-1.29,110.7,111.9,-1.2,0.256,0.403,0.568,0.539,13.9,24.2,77.8,0.186,0,0
811,2020,21.0,Sacramento Kings,31.0,41.0,-2.04,110.2,112.2,-2.0,0.23,0.395,0.566,0.534,13.0,21.9,78.4,0.177,0,0
812,2020,22.0,Chicago Bulls,22.0,43.0,-3.08,106.7,109.8,-3.1,0.231,0.396,0.547,0.515,13.7,22.8,75.6,0.175,0,0
813,2020,23.0,Detroit Pistons,20.0,46.0,-3.56,109.0,112.7,-3.7,0.261,0.381,0.561,0.529,13.8,22.6,75.9,0.194,0,0
814,2020,24.0,Minnesota Timberwolves,19.0,45.0,-4.3,108.1,112.2,-4.1,0.277,0.433,0.551,0.514,13.0,22.1,77.2,0.209,0,0
815,2020,25.0,Washington Wizards,25.0,47.0,-4.67,110.9,115.5,-4.6,0.27,0.358,0.562,0.523,12.2,22.2,75.3,0.213,0,0
816,2020,26.0,New York Knicks,21.0,45.0,-6.45,106.5,113.0,-6.5,0.263,0.318,0.531,0.501,12.6,25.8,78.3,0.182,0,0
817,2020,27.0,Charlotte Hornets,23.0,42.0,-6.75,106.3,113.3,-7.0,0.252,0.399,0.539,0.504,13.3,23.9,74.4,0.188,0,0
818,2020,28.0,Atlanta Hawks,20.0,47.0,-7.97,107.2,114.8,-7.6,0.258,0.398,0.554,0.515,13.8,21.6,74.9,0.204,0,0
819,2020,29.0,Cleveland Cavaliers,19.0,46.0,-7.89,107.5,115.4,-7.9,0.227,0.362,0.553,0.522,14.6,24.6,77.4,0.172,0,0
820,2020,30.0,Golden State Warriors,15.0,50.0,-8.71,105.2,113.8,-8.6,0.264,0.355,0.54,0.497,13.2,21.5,76.4,0.212,0,0
822,2021,1.0,Utah Jazz,52.0,20.0,9.25,117.6,108.3,9.3,0.244,0.488,0.597,0.563,12.7,24.5,79.3,0.195,0,2
823,2021,2.0,Los Angeles Clippers,47.0,25.0,6.18,117.6,111.2,6.4,0.222,0.4,0.599,0.564,12.2,22.7,79.1,0.186,0,3
824,2021,3.0,Phoenix Suns,51.0,21.0,5.82,117.2,111.3,5.9,0.212,0.392,0.597,0.564,11.5,20.8,78.5,0.177,0,4
825,2021,4.0,Milwaukee Bucks,46.0,26.0,5.89,117.2,111.4,5.8,0.233,0.404,0.593,0.566,12.0,23.3,79.7,0.177,1,4
826,2021,5.0,Philadelphia 76ers,49.0,23.0,5.58,113.2,107.6,5.6,0.293,0.347,0.579,0.541,12.8,23.2,78.2,0.225,0,2
827,2021,6.0,Denver Nuggets,47.0,25.0,4.93,117.1,112.1,5.0,0.219,0.383,0.588,0.557,12.1,24.7,78.9,0.176,0,2
828,2021,7.0,Brooklyn Nets,48.0,24.0,4.5,118.3,113.8,4.5,0.258,0.413,0.61,0.575,12.2,21.4,77.3,0.208,0,2
829,2021,8.0,Los Angeles Lakers,42.0,30.0,2.79,109.9,107.1,2.8,0.271,0.363,0.569,0.536,13.6,22.5,79.7,0.2,0,1
830,2021,9.0,Dallas Mavericks,42.0,30.0,2.26,115.4,113.0,2.4,0.242,0.436,0.582,0.55,11.1,21.1,77.8,0.189,0,1
831,2021,10.0,New York Knicks,41.0,31.0,2.31,110.6,108.2,2.4,0.242,0.347,0.559,0.524,11.9,21.9,78.6,0.19,0,1
832,2021,11.0,Atlanta Hawks,41.0,31.0,2.32,115.7,113.3,2.4,0.278,0.382,0.581,0.539,11.9,24.4,77.8,0.226,0,3
833,2021,12.0,Portland Trail Blazers,42.0,30.0,1.79,117.8,116.0,1.8,0.238,0.448,0.577,0.54,9.9,23.0,77.5,0.195,0,0
834,2021,13.0,Boston Celtics,36.0,36.0,1.46,114.0,112.5,1.5,0.234,0.409,0.574,0.543,12.5,24.3,78.1,0.181,0,1
835,2021,14.0,Golden State Warriors,39.0,33.0,1.06,111.1,110.1,1.0,0.239,0.439,0.583,0.551,13.3,17.9,76.6,0.188,0,0
836,2021,15.0,Memphis Grizzlies,38.0,34.0,1.03,112.0,111.0,1.0,0.232,0.342,0.56,0.528,11.6,24.2,78.3,0.179,0,1
837,2021,16.0,Miami Heat,40.0,32.0,0.03,111.2,111.2,0.0,0.252,0.432,0.581,0.546,13.1,19.4,77.9,0.199,0,1
838,2021,17.0,Indiana Pacers,34.0,38.0,-0.04,112.4,112.4,0.0,0.227,0.372,0.575,0.542,11.9,20.2,74.9,0.18,0,0
839,2021,18.0,New Orleans Pelicans,31.0,41.0,-0.29,113.5,113.8,-0.3,0.293,0.342,0.57,0.537,12.7,26.3,80.0,0.214,0,0
840,2021,19.0,Toronto Raptors,27.0,45.0,-0.47,112.0,112.5,-0.5,0.241,0.444,0.567,0.529,11.9,20.8,76.3,0.196,0,0
841,2021,20.0,Chicago Bulls,31.0,41.0,-0.89,111.1,112.0,-0.9,0.197,0.383,0.575,0.547,13.6,22.3,80.3,0.156,0,0
842,2021,21.0,San Antonio Spurs,33.0,39.0,-1.74,111.0,112.8,-1.8,0.243,0.314,0.554,0.517,10.2,20.0,77.3,0.192,0,0
843,2021,22.0,Washington Wizards,34.0,38.0,-1.83,111.2,113.0,-1.8,0.288,0.319,0.569,0.531,12.3,21.3,77.6,0.221,0,1
844,2021,23.0,Charlotte Hornets,33.0,39.0,-1.93,110.9,112.8,-1.9,0.238,0.422,0.564,0.532,13.3,23.5,75.7,0.181,0,0
845,2021,24.0,Sacramento Kings,31.0,41.0,-3.68,113.6,117.2,-3.6,0.248,0.376,0.578,0.549,12.0,21.3,75.0,0.185,0,0
846,2021,25.0,Detroit Pistons,20.0,52.0,-4.47,108.0,112.5,-4.5,0.273,0.385,0.556,0.519,13.5,21.9,76.9,0.207,0,0
847,2021,26.0,Minnesota Timberwolves,23.0,49.0,-5.56,109.5,115.0,-5.5,0.254,0.413,0.555,0.52,12.4,22.7,76.8,0.193,0,0
848,2021,27.0,Houston Rockets,17.0,55.0,-7.9,107.1,114.9,-7.8,0.252,0.459,0.553,0.521,13.0,19.8,77.1,0.187,0,0
849,2021,28.0,Cleveland Cavaliers,22.0,50.0,-8.44,105.8,114.4,-8.6,0.261,0.347,0.543,0.508,13.9,23.6,76.6,0.194,0,0
850,2021,29.0,Orlando Magic,21.0,51.0,-9.31,105.1,114.5,-9.4,0.24,0.356,0.527,0.49,11.5,21.6,78.2,0.186,0,0
851,2021,30.0,Oklahoma City Thunder,22.0,50.0,-10.64,103.5,114.0,-10.5,0.242,0.399,0.539,0.509,14.2,21.2,77.9,0.176,0,0
853,2022,1.0,Boston Celtics,51.0,31.0,7.28,114.4,106.9,7.5,0.239,0.425,0.578,0.542,12.4,24.0,77.3,0.195,0,4
854,2022,2.0,Phoenix Suns,64.0,18.0,7.5,114.8,107.3,7.5,0.221,0.354,0.581,0.549,11.6,22.3,77.1,0.176,0,2
855,2022,3.0,Utah Jazz,49.0,33.0,6.04,116.7,110.5,6.2,0.271,0.468,0.589,0.555,12.7,25.4,78.3,0.208,0,1
856,2022,4.0,Memphis Grizzlies,56.0,26.0,5.68,114.6,109.0,5.6,0.245,0.346,0.553,0.522,11.2,30.0,77.8,0.18,0,2
857,2022,5.0,Golden State Warriors,53.0,29.0,5.54,112.5,106.9,5.6,0.235,0.456,0.582,0.552,13.5,22.8,78.7,0.181,1,4
858,2022,6.0,Miami Heat,53.0,29.0,4.45,113.7,109.1,4.6,0.252,0.422,0.584,0.547,13.4,23.5,78.0,0.204,0,3
859,2022,7.0,Dallas Mavericks,52.0,30.0,3.3,112.8,109.4,3.4,0.249,0.439,0.572,0.538,11.7,21.3,78.0,0.192,0,3
860,2022,8.0,Milwaukee Bucks,51.0,31.0,3.35,115.1,111.8,3.3,0.257,0.43,0.58,0.546,11.9,23.0,78.6,0.199,0,2
861,2022,9.0,Philadelphia 76ers,51.0,31.0,2.61,113.5,110.8,2.7,0.282,0.376,0.578,0.534,11.6,20.1,76.8,0.232,0,2
862,2022,10.0,Minnesota Timberwolves,46.0,36.0,2.63,114.3,111.7,2.6,0.254,0.454,0.573,0.539,12.4,24.4,74.9,0.198,0,1
863,2022,11.0,Denver Nuggets,48.0,34.0,2.3,114.5,112.1,2.4,0.244,0.416,0.59,0.556,13.2,21.9,78.3,0.194,0,1
864,2022,12.0,Toronto Raptors,48.0,34.0,2.29,112.9,110.5,2.4,0.234,0.375,0.543,0.51,11.0,28.4,75.6,0.177,0,1
865,2022,13.0,Cleveland Cavaliers,44.0,38.0,2.12,111.9,109.7,2.2,0.261,0.387,0.571,0.538,13.2,24.0,76.5,0.198,0,0
866,2022,14.0,Atlanta Hawks,43.0,39.0,1.56,116.5,114.9,1.6,0.253,0.39,0.581,0.543,10.8,23.0,76.9,0.205,0,1
867,2022,15.0,Brooklyn Nets,44.0,38.0,0.78,113.6,112.8,0.8,0.246,0.359,0.576,0.54,12.5,23.9,75.1,0.198,0,1
868,2022,16.0,Charlotte Hornets,43.0,39.0,0.44,114.1,113.7,0.4,0.234,0.418,0.572,0.544,11.6,23.3,74.8,0.173,0,0
869,2022,17.0,San Antonio Spurs,34.0,48.0,0.12,112.4,112.3,0.1,0.22,0.345,0.556,0.527,11.1,23.7,75.1,0.166,0,0
870,2022,18.0,Los Angeles Clippers,42.0,40.0,0.02,110.1,110.1,0.0,0.224,0.391,0.564,0.531,12.5,20.6,74.4,0.178,0,0
871,2022,19.0,New York Knicks,37.0,45.0,-0.12,110.4,110.5,-0.1,0.28,0.428,0.55,0.513,12.0,25.1,78.8,0.208,0,0
872,2022,20.0,Chicago Bulls,46.0,36.0,-0.39,113.2,113.6,-0.4,0.248,0.332,0.579,0.541,11.8,20.4,78.3,0.201,0,1
873,2022,21.0,New Orleans Pelicans,36.0,46.0,-0.99,112.0,113.0,-1.0,0.264,0.365,0.557,0.517,12.5,26.9,78.2,0.208,0,1
874,2022,22.0,Los Angeles Lakers,33.0,49.0,-3.05,110.3,113.3,-3.0,0.259,0.388,0.567,0.537,12.8,21.1,75.8,0.19,0,0
875,2022,23.0,Washington Wizards,35.0,47.0,-3.38,111.1,114.5,-3.4,0.252,0.356,0.568,0.532,12.1,20.9,76.9,0.197,0,0
876,2022,24.0,Indiana Pacers,25.0,57.0,-3.48,112.6,116.1,-3.5,0.239,0.395,0.564,0.531,12.7,25.5,76.2,0.184,0,0
877,2022,25.0,Sacramento Kings,30.0,52.0,-5.46,109.9,115.3,-5.4,0.264,0.377,0.561,0.525,12.5,21.3,76.0,0.203,0,0
878,2022,26.0,Detroit Pistons,23.0,59.0,-7.72,106.0,113.8,-7.8,0.249,0.391,0.533,0.494,12.6,23.4,75.6,0.194,0,0
879,2022,27.0,Orlando Magic,22.0,60.0,-8.0,104.5,112.5,-8.0,0.223,0.417,0.538,0.503,13.0,19.8,77.2,0.175,0,0
880,2022,28.0,Oklahoma City Thunder,24.0,58.0,-8.1,104.6,112.8,-8.2,0.223,0.419,0.53,0.497,12.5,21.8,76.1,0.169,0,0
881,2022,29.0,Houston Rockets,20.0,62.0,-8.48,108.4,116.7,-8.3,0.284,0.448,0.565,0.534,14.5,21.7,74.4,0.202,0,0
882,2022,30.0,Portland Trail Blazers,27.0,55.0,-8.88,107.8,116.9,-9.1,0.248,0.422,0.55,0.515,13.0,22.9,76.9,0.188,0,0
884,2023,1.0,Boston Celtics,57.0,25.0,6.52,118.0,111.5,6.5,0.243,0.48,0.6,0.566,12.0,22.1,78.5,0.197,0,3
885,2023,2.0,Cleveland Cavaliers,51.0,31.0,5.38,116.1,110.6,5.5,0.264,0.371,0.59,0.556,12.3,23.6,76.3,0.206,0,1
886,2023,3.0,Philadelphia 76ers,54.0,28.0,4.32,117.7,113.3,4.4,0.3,0.389,0.608,0.563,12.6,21.6,77.2,0.25,0,2
887,2023,4.0,Memphis Grizzlies,51.0,31.0,3.94,115.1,111.2,3.9,0.259,0.372,0.57,0.54,11.7,26.5,75.9,0.19,0,1
888,2023,5.0,Milwaukee Bucks,58.0,24.0,3.63,115.4,111.9,3.5,0.248,0.446,0.583,0.555,12.7,25.0,77.8,0.184,0,1
889,2023,6.0,Denver Nuggets,53.0,29.0,3.33,117.6,114.2,3.4,0.259,0.361,0.601,0.573,13.1,24.8,76.4,0.194,1,4
890,2023,7.0,New York Knicks,47.0,35.0,2.93,117.8,114.8,3.0,0.285,0.4,0.577,0.541,11.4,28.3,77.1,0.217,0,2
891,2023,8.0,Sacramento Kings,48.0,34.0,2.65,119.4,116.8,2.6,0.284,0.423,0.608,0.572,12.0,22.7,77.2,0.225,0,1
892,2023,9.0,Phoenix Suns,45.0,37.0,2.07,115.1,113.0,2.1,0.241,0.362,0.57,0.535,12.0,26.6,76.0,0.191,0,2
893,2023,10.0,New Orleans Pelicans,42.0,40.0,1.89,114.4,112.5,1.9,0.279,0.344,0.582,0.543,12.9,24.7,77.4,0.221,0,0
894,2023,11.0,Golden State Warriors,44.0,38.0,1.8,116.1,114.4,1.7,0.224,0.479,0.6,0.571,14.1,24.4,76.0,0.178,0,2
895,2023,12.0,Toronto Raptors,41.0,41.0,1.48,115.5,114.0,1.5,0.257,0.351,0.555,0.517,10.3,27.8,76.7,0.201,0,0
896,2023,13.0,Chicago Bulls,40.0,42.0,1.29,113.5,112.2,1.3,0.251,0.333,0.587,0.55,12.2,20.1,77.8,0.203,0,0
897,2023,14.0,Oklahoma City Thunder,40.0,42.0,1.09,115.2,114.2,1.0,0.256,0.369,0.57,0.531,11.2,24.7,72.9,0.207,0,0
898,2023,15.0,Brooklyn Nets,45.0,37.0,0.85,115.0,114.1,0.9,0.26,0.397,0.598,0.562,12.7,19.6,73.7,0.208,0,0
899,2023,16.0,Los Angeles Lakers,43.0,39.0,0.57,114.5,113.9,0.6,0.299,0.351,0.582,0.542,12.3,22.8,76.3,0.232,0,3
900,2023,17.0,Los Angeles Clippers,44.0,38.0,0.5,115.0,114.5,0.5,0.278,0.387,0.588,0.551,12.8,22.9,76.6,0.217,0,1
901,2023,18.0,Atlanta Hawks,41.0,41.0,0.29,116.6,116.3,0.3,0.244,0.331,0.579,0.541,11.2,25.1,75.8,0.2,0,1
902,2023,19.0,Dallas Mavericks,38.0,44.0,0.07,116.8,116.7,0.1,0.298,0.487,0.599,0.565,11.4,18.0,75.5,0.225,0,0
903,2023,20.0,Minnesota Timberwolves,42.0,40.0,-0.04,113.7,113.8,-0.1,0.271,0.381,0.592,0.56,13.6,21.5,74.3,0.205,0,1
904,2023,21.0,Miami Heat,44.0,38.0,-0.32,113.0,113.3,-0.3,0.27,0.408,0.574,0.53,12.4,22.8,77.7,0.224,0,4
905,2023,22.0,Utah Jazz,37.0,45.0,-0.94,115.8,116.7,-0.9,0.265,0.421,0.584,0.547,13.3,26.8,75.2,0.209,0,0
906,2023,23.0,Washington Wizards,35.0,47.0,-1.21,114.4,115.6,-1.2,0.258,0.365,0.585,0.55,12.7,22.6,76.1,0.202,0,0
907,2023,24.0,Orlando Magic,34.0,48.0,-2.56,111.6,114.2,-2.6,0.29,0.361,0.573,0.532,13.4,23.8,77.7,0.227,0,0
908,2023,25.0,Indiana Pacers,35.0,47.0,-3.18,114.6,117.7,-3.1,0.265,0.413,0.581,0.545,13.0,23.4,72.2,0.209,0,0
909,2023,26.0,Portland Trail Blazers,33.0,49.0,-4.01,114.8,118.8,-4.0,0.289,0.413,0.589,0.549,13.1,22.4,74.9,0.23,0,0
910,2023,27.0,Charlotte Hornets,27.0,55.0,-6.24,109.2,115.3,-6.1,0.261,0.36,0.55,0.516,12.3,23.8,75.5,0.195,0,0
911,2023,28.0,Houston Rockets,22.0,60.0,-7.85,111.4,119.3,-7.9,0.285,0.359,0.554,0.516,14.0,30.2,75.8,0.215,0,0
912,2023,29.0,Detroit Pistons,17.0,65.0,-8.22,110.7,118.9,-8.2,0.295,0.372,0.561,0.52,13.3,24.9,74.0,0.227,0,0
913,2023,30.0,San Antonio Spurs,22.0,60.0,-10.04,110.2,120.0,-9.8,0.229,0.348,0.554,0.525,13.0,25.6,74.9,0.17,0,0
